P1,Eyes,1381,1281,IMG_6285.jpg,4160,2768
P1,Head,1359,1287,IMG_6285.jpg,4160,2768
P1,Shoulder,1338,1344,IMG_6285.jpg,4160,2768
P0,Eyes,1574,1274,IMG_6285.jpg,4160,2768
P0,Head,1545,1287,IMG_6285.jpg,4160,2768
P0,Shoulder,1516,1344,IMG_6285.jpg,4160,2768
P4,Shoulder,2268,1326,IMG_6285.jpg,4160,2768
P4,Head,2286,1277,IMG_6285.jpg,4160,2768
P3,Eyes,2375,1283,IMG_6285.jpg,4160,2768
P3,Head,2385,1292,IMG_6285.jpg,4160,2768
P3,Shoulder,2389,1323,IMG_6285.jpg,4160,2768
P2,Eyes,2599,1299,IMG_6285.jpg,4160,2768
P2,Head,2609,1303,IMG_6285.jpg,4160,2768
P2,Shoulder,2607,1340,IMG_6285.jpg,4160,2768
P6,Eyes,2492,1304,IMG_6285.jpg,4160,2768
P6,Head,2502,1303,IMG_6285.jpg,4160,2768
P6,Shoulder,2517,1323,IMG_6285.jpg,4160,2768
P1,Eyes,910,1339,IMG_6286.jpg,4160,2768
P1,Head,867,1354,IMG_6286.jpg,4160,2768
P1,Shoulder,827,1443,IMG_6286.jpg,4160,2768
P0,Head,1199,1354,IMG_6286.jpg,4160,2768
P0,Shoulder,1154,1471,IMG_6286.jpg,4160,2768
P4,Head,2727,1354,IMG_6286.jpg,4160,2768
P4,Shoulder,2688,1438,IMG_6286.jpg,4160,2768
P3,Eyes,2901,1321,IMG_6286.jpg,4160,2768
P3,Head,2901,1336,IMG_6286.jpg,4160,2768
P3,Shoulder,2903,1409,IMG_6286.jpg,4160,2768
P2,Eyes,3347,1353,IMG_6286.jpg,4160,2768
P2,Head,3347,1367,IMG_6286.jpg,4160,2768
P2,Shoulder,3374,1460,IMG_6286.jpg,4160,2768
P6,Eyes,3171,1372,IMG_6286.jpg,4160,2768
P6,Head,3184,1377,IMG_6286.jpg,4160,2768
P6,Shoulder,3210,1428,IMG_6286.jpg,4160,2768
P1,Eyes,1239,1353,IMG_6289.jpg,4160,2768
P1,Head,1204,1362,IMG_6289.jpg,4160,2768
P1,Shoulder,1168,1412,IMG_6289.jpg,4160,2768
P0,Head,1461,1346,IMG_6289.jpg,4160,2768
P0,Shoulder,1429,1422,IMG_6289.jpg,4160,2768
P4,Head,2558,1346,IMG_6289.jpg,4160,2768
P4,Shoulder,2523,1416,IMG_6289.jpg,4160,2768
P3,Eyes,2749,1353,IMG_6289.jpg,4160,2768
P3,Head,2750,1363,IMG_6289.jpg,4160,2768
P3,Shoulder,2719,1403,IMG_6289.jpg,4160,2768
P2,Eyes,3001,1351,IMG_6289.jpg,4160,2768
P2,Head,3012,1359,IMG_6289.jpg,4160,2768
P2,Shoulder,3027,1419,IMG_6289.jpg,4160,2768
P6,Eyes,2873,1377,IMG_6289.jpg,4160,2768
P6,Head,2884,1382,IMG_6289.jpg,4160,2768
P6,Shoulder,2911,1406,IMG_6289.jpg,4160,2768
P1,Eyes,450,1351,IMG_6292.jpg,4160,2768
P1,Head,376,1351,IMG_6292.jpg,4160,2768
P1,Shoulder,307,1468,IMG_6292.jpg,4160,2768
P0,Eyes,1001,1339,IMG_6292.jpg,4160,2768
P0,Head,912,1358,IMG_6292.jpg,4160,2768
P0,Shoulder,823,1488,IMG_6292.jpg,4160,2768
P4,Shoulder,2953,1454,IMG_6292.jpg,4160,2768
P4,Head,2997,1319,IMG_6292.jpg,4160,2768
P3,Eyes,3319,1329,IMG_6292.jpg,4160,2768
P3,Head,3321,1351,IMG_6292.jpg,4160,2768
P3,Shoulder,3333,1454,IMG_6292.jpg,4160,2768
P2,Eyes,3852,1375,IMG_6292.jpg,4160,2768
P2,Head,3874,1385,IMG_6292.jpg,4160,2768
P2,Shoulder,3933,1480,IMG_6292.jpg,4160,2768
P6,Eyes,3648,1400,IMG_6292.jpg,4160,2768
P6,Head,3660,1411,IMG_6292.jpg,4160,2768
P6,Shoulder,3712,1453,IMG_6292.jpg,4160,2768
P4,Head,1496,840,IMG_6295.jpg,4160,2768
P4,Shoulder,1461,1155,IMG_6295.jpg,4160,2768
P3,Eyes,2339,907,IMG_6295.jpg,4160,2768
P3,Head,2324,950,IMG_6295.jpg,4160,2768
P3,Shoulder,2252,1146,IMG_6295.jpg,4160,2768
P2,Eyes,3435,904,IMG_6295.jpg,4160,2768
P2,Head,3458,944,IMG_6295.jpg,4160,2768
P2,Shoulder,3496,1218,IMG_6295.jpg,4160,2768
P6,Eyes,3210,999,IMG_6295.jpg,4160,2768
P6,Head,3236,1031,IMG_6295.jpg,4160,2768
P6,Shoulder,3282,1187,IMG_6295.jpg,4160,2768
P4,Head,1668,916,IMG_6296.jpg,4160,2768
P4,Shoulder,1629,1185,IMG_6296.jpg,4160,2768
P3,Eyes,2139,969,IMG_6296.jpg,4160,2768
P3,Head,2178,1004,IMG_6296.jpg,4160,2768
P3,Shoulder,2252,1141,IMG_6296.jpg,4160,2768
P2,Eyes,3419,891,IMG_6296.jpg,4160,2768
P2,Head,3454,930,IMG_6296.jpg,4160,2768
P2,Shoulder,3498,1205,IMG_6296.jpg,4160,2768
P6,Eyes,3218,989,IMG_6296.jpg,4160,2768
P6,Head,3248,1033,IMG_6296.jpg,4160,2768
P6,Shoulder,3282,1195,IMG_6296.jpg,4160,2768
P1,Eyes,1006,773,IMG_6297.jpg,4160,2768
P1,Head,849,788,IMG_6297.jpg,4160,2768
P1,Shoulder,711,1038,IMG_6297.jpg,4160,2768
P0,Eyes,2193,754,IMG_6297.jpg,4160,2768
P0,Head,2002,817,IMG_6297.jpg,4160,2768
P0,Shoulder,1820,1092,IMG_6297.jpg,4160,2768
P1,Eyes,1011,788,IMG_6298.jpg,4160,2768
P1,Head,854,798,IMG_6298.jpg,4160,2768
P1,Shoulder,711,1028,IMG_6298.jpg,4160,2768
P0,Eyes,2242,812,IMG_6298.jpg,4160,2768
P0,Head,2031,832,IMG_6298.jpg,4160,2768
P0,Shoulder,1854,1082,IMG_6298.jpg,4160,2768
P1,Head,1599,1339,IMG_6302.jpg,4160,2768
P1,Shoulder,1574,1392,IMG_6302.jpg,4160,2768
P0,Head,2119,1354,IMG_6302.jpg,4160,2768
P0,Shoulder,2110,1409,IMG_6302.jpg,4160,2768
P3,Eyes,2404,1365,IMG_6302.jpg,4160,2768
P3,Head,2405,1376,IMG_6302.jpg,4160,2768
P3,Shoulder,2409,1406,IMG_6302.jpg,4160,2768
P4,Head,2572,1361,IMG_6302.jpg,4160,2768
P4,Shoulder,2566,1399,IMG_6302.jpg,4160,2768
P2,Eyes,2633,1374,IMG_6302.jpg,4160,2768
P2,Head,2637,1385,IMG_6302.jpg,4160,2768
P2,Shoulder,2633,1411,IMG_6302.jpg,4160,2768
P6,Eyes,2354,1381,IMG_6302.jpg,4160,2768
P6,Shoulder,2353,1411,IMG_6302.jpg,4160,2768
P6,Head,2354,1392,IMG_6302.jpg,4160,2768
P1,Head,1328,1309,IMG_6306.jpg,4160,2768
P1,Shoulder,1281,1384,IMG_6306.jpg,4160,2768
P0,Head,2101,1329,IMG_6306.jpg,4160,2768
P0,Shoulder,2078,1403,IMG_6306.jpg,4160,2768
P6,Eyes,2396,1333,IMG_6306.jpg,4160,2768
P6,Head,2396,1347,IMG_6306.jpg,4160,2768
P6,Shoulder,2394,1384,IMG_6306.jpg,4160,2768
P3,Eyes,2503,1360,IMG_6306.jpg,4160,2768
P3,Head,2503,1376,IMG_6306.jpg,4160,2768
P3,Shoulder,2503,1400,IMG_6306.jpg,4160,2768
P4,Head,2757,1325,IMG_6306.jpg,4160,2768
P4,Shoulder,2766,1390,IMG_6306.jpg,4160,2768
P2,Eyes,2841,1352,IMG_6306.jpg,4160,2768
P2,Head,2841,1364,IMG_6306.jpg,4160,2768
P2,Shoulder,2841,1411,IMG_6306.jpg,4160,2768
P1,Head,623,1257,IMG_6308.jpg,4160,2768
P1,Shoulder,537,1416,IMG_6308.jpg,4160,2768
P0,Head,2141,1284,IMG_6308.jpg,4160,2768
P0,Shoulder,2092,1444,IMG_6308.jpg,4160,2768
P6,Eyes,2656,1373,IMG_6308.jpg,4160,2768
P6,Head,2662,1391,IMG_6308.jpg,4160,2768
P6,Shoulder,2693,1419,IMG_6308.jpg,4160,2768
P3,Eyes,2947,1324,IMG_6308.jpg,4160,2768
P3,Head,2947,1352,IMG_6308.jpg,4160,2768
P3,Shoulder,2916,1434,IMG_6308.jpg,4160,2768
P4,Head,3345,1305,IMG_6308.jpg,4160,2768
P4,Shoulder,3345,1425,IMG_6308.jpg,4160,2768
P2,Eyes,3557,1391,IMG_6308.jpg,4160,2768
P2,Head,3560,1412,IMG_6308.jpg,4160,2768
P2,Shoulder,3554,1486,IMG_6308.jpg,4160,2768
P1,Head,638,1251,IMG_6309.jpg,4160,2768
P1,Shoulder,546,1401,IMG_6309.jpg,4160,2768
P0,Head,2116,1270,IMG_6309.jpg,4160,2768
P0,Shoulder,2093,1447,IMG_6309.jpg,4160,2768
P6,Eyes,2678,1436,IMG_6309.jpg,4160,2768
P6,Head,2688,1417,IMG_6309.jpg,4160,2768
P6,Shoulder,2708,1450,IMG_6309.jpg,4160,2768
P3,Eyes,2943,1332,IMG_6309.jpg,4160,2768
P3,Head,2943,1358,IMG_6309.jpg,4160,2768
P3,Shoulder,2914,1427,IMG_6309.jpg,4160,2768
P4,Eyes,3231,1309,IMG_6309.jpg,4160,2768
P4,Head,3290,1319,IMG_6309.jpg,4160,2768
P4,Shoulder,3391,1410,IMG_6309.jpg,4160,2768
P2,Eyes,3539,1381,IMG_6309.jpg,4160,2768
P2,Head,3545,1407,IMG_6309.jpg,4160,2768
P2,Shoulder,3552,1476,IMG_6309.jpg,4160,2768
P0,Head,726,1072,IMG_6311.jpg,4160,2768
P0,Shoulder,628,1401,IMG_6311.jpg,4160,2768
P3,Eyes,2237,1004,IMG_6311.jpg,4160,2768
P3,Shoulder,2296,1205,IMG_6311.jpg,4160,2768
P3,Head,2247,1048,IMG_6311.jpg,4160,2768
P6,Eyes,1923,1259,IMG_6311.jpg,4160,2768
P6,Head,1918,1288,IMG_6311.jpg,4160,2768
P6,Shoulder,1933,1352,IMG_6311.jpg,4160,2768
P4,Eyes,3194,1136,IMG_6311.jpg,4160,2768
P4,Head,3346,1112,IMG_6311.jpg,4160,2768
P4,Shoulder,3517,1313,IMG_6311.jpg,4160,2768
P2,Eyes,3743,1283,IMG_6311.jpg,4160,2768
P2,Head,3743,1313,IMG_6311.jpg,4160,2768
P2,Shoulder,3768,1460,IMG_6311.jpg,4160,2768
P0,Head,613,1038,IMG_6313.jpg,4160,2768
P0,Shoulder,554,1416,IMG_6313.jpg,4160,2768
P6,Eyes,1898,1303,IMG_6313.jpg,4160,2768
P6,Head,1903,1318,IMG_6313.jpg,4160,2768
P6,Shoulder,1923,1357,IMG_6313.jpg,4160,2768
P3,Eyes,2463,1063,IMG_6313.jpg,4160,2768
P3,Head,2428,1102,IMG_6313.jpg,4160,2768
P3,Shoulder,2374,1249,IMG_6313.jpg,4160,2768
P4,Head,3390,1087,IMG_6313.jpg,4160,2768
P4,Shoulder,3414,1293,IMG_6313.jpg,4160,2768
P2,Eyes,3733,1298,IMG_6313.jpg,4160,2768
P2,Head,3738,1323,IMG_6313.jpg,4160,2768
P2,Shoulder,3758,1475,IMG_6313.jpg,4160,2768
P0,Head,711,1058,IMG_6314.jpg,4160,2768
P0,Shoulder,579,1416,IMG_6314.jpg,4160,2768
P6,Eyes,1943,1200,IMG_6314.jpg,4160,2768
P6,Head,1952,1239,IMG_6314.jpg,4160,2768
P6,Shoulder,1943,1323,IMG_6314.jpg,4160,2768
P3,Eyes,2492,1058,IMG_6314.jpg,4160,2768
P3,Head,2428,1087,IMG_6314.jpg,4160,2768
P3,Shoulder,2365,1249,IMG_6314.jpg,4160,2768
P4,Head,3360,1087,IMG_6314.jpg,4160,2768
P4,Shoulder,3400,1303,IMG_6314.jpg,4160,2768
P2,Eyes,3758,1244,IMG_6314.jpg,4160,2768
P2,Head,3753,1283,IMG_6314.jpg,4160,2768
P2,Shoulder,3753,1431,IMG_6314.jpg,4160,2768
P3,Eyes,1650,1006,IMG_8828.JPG,4080,2720
P3,Head,1674,1064,IMG_8828.JPG,4080,2720
P3,Shoulder,1761,1401,IMG_8828.JPG,4080,2720
P2,Eyes,2309,1165,IMG_8828.JPG,4080,2720
P2,Head,2329,1242,IMG_8828.JPG,4080,2720
P2,Shoulder,2439,1795,IMG_8828.JPG,4080,2720
P3,Eyes,1001,934,IMG_8830.JPG,4080,2720
P3,Head,1020,1050,IMG_8830.JPG,4080,2720
P3,Shoulder,1237,1646,IMG_8830.JPG,4080,2720
P2,Eyes,2767,1338,IMG_8830.JPG,4080,2720
P2,Head,2800,1454,IMG_8830.JPG,4080,2720
P2,Shoulder,2858,2291,IMG_8830.JPG,4080,2720
P0,Eyes,818,713,IMG_8834.JPG,4080,2720
P0,Head,842,756,IMG_8834.JPG,4080,2720
P0,Shoulder,900,929,IMG_8834.JPG,4080,2720
P1,Eyes,2853,925,IMG_8834.JPG,4080,2720
P1,Head,2853,997,IMG_8834.JPG,4080,2720
P1,Shoulder,2843,1305,IMG_8834.JPG,4080,2720
P2,Eyes,635,934,IMG_8837.JPG,4080,2720
P2,Head,659,973,IMG_8837.JPG,4080,2720
P2,Shoulder,731,1237,IMG_8837.JPG,4080,2720
P5,Eyes,828,472,IMG_8837.JPG,4080,2720
P5,Head,823,516,IMG_8837.JPG,4080,2720
P5,Shoulder,828,727,IMG_8837.JPG,4080,2720
P4,Eyes,2555,314,IMG_8837.JPG,4080,2720
P4,Head,2569,366,IMG_8837.JPG,4080,2720
P4,Shoulder,2694,636,IMG_8837.JPG,4080,2720
P3,Eyes,3320,593,IMG_8837.JPG,4080,2720
P3,Head,3315,646,IMG_8837.JPG,4080,2720
P3,Shoulder,3301,761,IMG_8837.JPG,4080,2720
P0,Head,1039,487,IMG_8842.JPG,4080,2720
P3,Shoulder,866,857,IMG_8842.JPG,4080,2720
P1,Eyes,2892,920,IMG_8842.JPG,4080,2720
P1,Head,2911,1002,IMG_8842.JPG,4080,2720
P1,Shoulder,2916,1228,IMG_8842.JPG,4080,2720
P5,Eyes,1679,559,IMG_8844.JPG,4080,2720
P5,Head,1694,612,IMG_8844.JPG,4080,2720
P5,Shoulder,1766,939,IMG_8844.JPG,4080,2720
P2,Eyes,1939,1107,IMG_8844.JPG,4080,2720
P2,Head,1944,1184,IMG_8844.JPG,4080,2720
P2,Shoulder,1963,1564,IMG_8844.JPG,4080,2720
P4,Eyes,1520,1834,IMG_8845.JPG,4080,2720
P4,Head,1554,1603,IMG_8845.JPG,4080,2720
P3,Eyes,2540,905,IMG_8845.JPG,4080,2720
P3,Head,2714,785,IMG_8845.JPG,4080,2720
P3,Shoulder,2868,1045,IMG_8845.JPG,4080,2720
P4,Shoulder,1925,1492,IMG_8845.JPG,4080,2720
P4,Eyes,1689,978,IMG_8847.JPG,4080,2720
P4,Head,1713,1050,IMG_8847.JPG,4080,2720
P4,Shoulder,1843,1353,IMG_8847.JPG,4080,2720
P3,Eyes,2309,1107,IMG_8847.JPG,4080,2720
P3,Head,2329,1175,IMG_8847.JPG,4080,2720
P3,Shoulder,2406,1435,IMG_8847.JPG,4080,2720
P0,Eyes,298,395,IMG_8848.JPG,4080,2720
P0,Head,82,395,IMG_8848.JPG,4080,2720
P0,Shoulder,101,833,IMG_8848.JPG,4080,2720
P1,Eyes,2786,1059,IMG_8848.JPG,4080,2720
P1,Head,2791,1127,IMG_8848.JPG,4080,2720
P1,Shoulder,2868,1435,IMG_8848.JPG,4080,2720
P0,Eyes,135,1492,IMG_8850.JPG,4080,2720
P0,Head,144,1550,IMG_8850.JPG,4080,2720
P2,Eyes,688,1411,IMG_8850.JPG,4080,2720
P2,Head,693,1473,IMG_8850.JPG,4080,2720
P2,Shoulder,722,1945,IMG_8850.JPG,4080,2720
P3,Eyes,3161,833,IMG_8850.JPG,4080,2720
P3,Head,3161,925,IMG_8850.JPG,4080,2720
P3,Shoulder,3127,1449,IMG_8850.JPG,4080,2720
P0,Eyes,452,1223,IMG_8852.JPG,4080,2720
P0,Head,462,1285,IMG_8852.JPG,4080,2720
P0,Shoulder,457,1598,IMG_8852.JPG,4080,2720
P2,Shoulder,1034,1589,IMG_8852.JPG,4080,2720
P2,Head,996,1088,IMG_8852.JPG,4080,2720
P2,Eyes,996,1030,IMG_8852.JPG,4080,2720
P3,Eyes,3705,463,IMG_8852.JPG,4080,2720
P3,Head,3714,559,IMG_8852.JPG,4080,2720
P3,Shoulder,3719,1050,IMG_8852.JPG,4080,2720
P0,Eyes,409,1194,IMG_8853.JPG,4080,2720
P0,Head,414,1247,IMG_8853.JPG,4080,2720
P0,Shoulder,433,1555,IMG_8853.JPG,4080,2720
P2,Eyes,986,1045,IMG_8853.JPG,4080,2720
P2,Head,1001,1131,IMG_8853.JPG,4080,2720
P2,Shoulder,1010,1545,IMG_8853.JPG,4080,2720
P3,Eyes,3719,468,IMG_8853.JPG,4080,2720
P3,Head,3729,583,IMG_8853.JPG,4080,2720
P3,Shoulder,3714,1093,IMG_8853.JPG,4080,2720
P0,Eyes,1155,1281,IMG_8854.JPG,4080,2720
P0,Head,1135,1372,IMG_8854.JPG,4080,2720
P0,Shoulder,1208,1863,IMG_8854.JPG,4080,2720
P2,Eyes,2035,1151,IMG_8854.JPG,4080,2720
P2,Head,2035,1242,IMG_8854.JPG,4080,2720
P2,Shoulder,2040,1887,IMG_8854.JPG,4080,2720
P0,Eyes,1256,1358,IMG_8856.JPG,4080,2720
P0,Head,1261,1435,IMG_8856.JPG,4080,2720
P0,Shoulder,1309,1858,IMG_8856.JPG,4080,2720
P2,Eyes,2078,1156,IMG_8856.JPG,4080,2720
P2,Head,2088,1242,IMG_8856.JPG,4080,2720
P2,Shoulder,2112,1921,IMG_8856.JPG,4080,2720
P0,Eyes,1116,1372,IMG_8858.JPG,4080,2720
P0,Head,1116,1454,IMG_8858.JPG,4080,2720
P0,Shoulder,1155,1882,IMG_8858.JPG,4080,2720
P2,Eyes,2059,1170,IMG_8858.JPG,4080,2720
P2,Head,2054,1266,IMG_8858.JPG,4080,2720
P2,Shoulder,2069,1882,IMG_8858.JPG,4080,2720
P0,Eyes,1529,768,IMG_5696.JPG,4160,2768
P0,Head,1535,801,IMG_5696.JPG,4160,2768
P0,Shoulder,1527,1019,IMG_5696.JPG,4160,2768
P5,Eyes,2029,1027,IMG_5696.JPG,4160,2768
P5,Head,2023,1037,IMG_5696.JPG,4160,2768
P5,Shoulder,2017,1091,IMG_5696.JPG,4160,2768
P4,Eyes,2301,997,IMG_5696.JPG,4160,2768
P4,Shoulder,2307,1046,IMG_5696.JPG,4160,2768
P4,Head,2301,1007,IMG_5696.JPG,4160,2768
P3,Eyes,2586,970,IMG_5696.JPG,4160,2768
P3,Head,2586,980,IMG_5696.JPG,4160,2768
P3,Shoulder,2587,1027,IMG_5696.JPG,4160,2768
P2,Eyes,2628,999,IMG_5696.JPG,4160,2768
P2,Head,2630,1011,IMG_5696.JPG,4160,2768
P2,Shoulder,2635,1063,IMG_5696.JPG,4160,2768
P1,Eyes,3255,769,IMG_5696.JPG,4160,2768
P1,Head,3256,792,IMG_5696.JPG,4160,2768
P1,Shoulder,3253,954,IMG_5696.JPG,4160,2768
P0,Eyes,1524,763,IMG_5697.JPG,4160,2768
P0,Head,1505,793,IMG_5697.JPG,4160,2768
P0,Shoulder,1475,994,IMG_5697.JPG,4160,2768
P5,Eyes,2016,1029,IMG_5697.JPG,4160,2768
P5,Head,2018,1042,IMG_5697.JPG,4160,2768
P5,Shoulder,2016,1093,IMG_5697.JPG,4160,2768
P4,Eyes,2312,998,IMG_5697.JPG,4160,2768
P4,Head,2314,1009,IMG_5697.JPG,4160,2768
P4,Shoulder,2317,1044,IMG_5697.JPG,4160,2768
P3,Eyes,2559,970,IMG_5697.JPG,4160,2768
P3,Head,2577,981,IMG_5697.JPG,4160,2768
P3,Shoulder,2590,1027,IMG_5697.JPG,4160,2768
P2,Eyes,2619,1003,IMG_5697.JPG,4160,2768
P2,Head,2623,1014,IMG_5697.JPG,4160,2768
P2,Shoulder,2631,1063,IMG_5697.JPG,4160,2768
P1,Eyes,3286,775,IMG_5697.JPG,4160,2768
P1,Head,3290,799,IMG_5697.JPG,4160,2768
P1,Shoulder,3306,960,IMG_5697.JPG,4160,2768
P0,Eyes,1638,788,IMG_5698.JPG,4160,2768
P0,Head,1501,778,IMG_5698.JPG,4160,2768
P0,Shoulder,1506,1014,IMG_5698.JPG,4160,2768
P5,Eyes,2008,1026,IMG_5698.JPG,4160,2768
P5,Head,2008,1039,IMG_5698.JPG,4160,2768
P5,Shoulder,2010,1090,IMG_5698.JPG,4160,2768
P4,Eyes,2303,1002,IMG_5698.JPG,4160,2768
P4,Head,2303,1013,IMG_5698.JPG,4160,2768
P4,Shoulder,2299,1047,IMG_5698.JPG,4160,2768
P3,Eyes,2547,973,IMG_5698.JPG,4160,2768
P3,Head,2573,980,IMG_5698.JPG,4160,2768
P3,Shoulder,2576,1020,IMG_5698.JPG,4160,2768
P2,Eyes,2603,1003,IMG_5698.JPG,4160,2768
P2,Head,2605,1014,IMG_5698.JPG,4160,2768
P2,Shoulder,2620,1057,IMG_5698.JPG,4160,2768
P1,Eyes,3271,780,IMG_5698.JPG,4160,2768
P1,Head,3273,799,IMG_5698.JPG,4160,2768
P1,Shoulder,3281,960,IMG_5698.JPG,4160,2768
P0,Eyes,927,111,IMG_5699.JPG,4160,2768
P0,Head,932,175,IMG_5699.JPG,4160,2768
P0,Shoulder,917,582,IMG_5699.JPG,4160,2768
P5,Eyes,1991,659,IMG_5699.JPG,4160,2768
P5,Head,1988,674,IMG_5699.JPG,4160,2768
P5,Shoulder,1979,777,IMG_5699.JPG,4160,2768
P4,Eyes,2597,596,IMG_5699.JPG,4160,2768
P4,Head,2596,614,IMG_5699.JPG,4160,2768
P4,Shoulder,2596,697,IMG_5699.JPG,4160,2768
P3,Eyes,3095,543,IMG_5699.JPG,4160,2768
P3,Head,3148,559,IMG_5699.JPG,4160,2768
P3,Shoulder,3168,641,IMG_5699.JPG,4160,2768
P2,Eyes,3240,576,IMG_5699.JPG,4160,2768
P2,Head,3245,592,IMG_5699.JPG,4160,2768
P2,Shoulder,3257,715,IMG_5699.JPG,4160,2768
P5,Eyes,556,758,IMG_5700.JPG,4160,2768
P5,Head,559,784,IMG_5700.JPG,4160,2768
P5,Shoulder,569,908,IMG_5700.JPG,4160,2768
P4,Eyes,1226,708,IMG_5700.JPG,4160,2768
P4,Head,1229,729,IMG_5700.JPG,4160,2768
P4,Shoulder,1232,793,IMG_5700.JPG,4160,2768
P3,Eyes,1701,703,IMG_5700.JPG,4160,2768
P3,Head,1727,713,IMG_5700.JPG,4160,2768
P3,Shoulder,1766,767,IMG_5700.JPG,4160,2768
P2,Eyes,1854,711,IMG_5700.JPG,4160,2768
P2,Head,1856,731,IMG_5700.JPG,4160,2768
P2,Shoulder,1872,824,IMG_5700.JPG,4160,2768
P1,Eyes,2799,315,IMG_5700.JPG,4160,2768
P1,Head,2801,346,IMG_5700.JPG,4160,2768
P1,Shoulder,2819,640,IMG_5700.JPG,4160,2768
P5,Eyes,595,752,IMG_5701.JPG,4160,2768
P5,Head,563,769,IMG_5701.JPG,4160,2768
P5,Shoulder,563,903,IMG_5701.JPG,4160,2768
P4,Eyes,1204,713,IMG_5701.JPG,4160,2768
P4,Head,1204,736,IMG_5701.JPG,4160,2768
P4,Shoulder,1190,798,IMG_5701.JPG,4160,2768
P3,Eyes,1779,697,IMG_5701.JPG,4160,2768
P3,Head,1782,723,IMG_5701.JPG,4160,2768
P3,Shoulder,1799,772,IMG_5701.JPG,4160,2768
P2,Head,1858,706,IMG_5701.JPG,4160,2768
P2,Shoulder,1962,818,IMG_5701.JPG,4160,2768
P1,Eyes,2822,327,IMG_5701.JPG,4160,2768
P1,Head,2827,362,IMG_5701.JPG,4160,2768
P1,Shoulder,2834,637,IMG_5701.JPG,4160,2768
P5,Eyes,561,762,IMG_5702.JPG,4160,2768
P5,Head,527,775,IMG_5702.JPG,4160,2768
P5,Shoulder,524,906,IMG_5702.JPG,4160,2768
P4,Eyes,1090,723,IMG_5702.JPG,4160,2768
P4,Head,1095,741,IMG_5702.JPG,4160,2768
P4,Shoulder,1133,799,IMG_5702.JPG,4160,2768
P3,Eyes,1704,623,IMG_5702.JPG,4160,2768
P3,Head,1697,647,IMG_5702.JPG,4160,2768
P3,Shoulder,1677,739,IMG_5702.JPG,4160,2768
P2,Eyes,1874,678,IMG_5702.JPG,4160,2768
P2,Head,1878,696,IMG_5702.JPG,4160,2768
P2,Shoulder,1905,801,IMG_5702.JPG,4160,2768
P1,Eyes,2721,265,IMG_5702.JPG,4160,2768
P1,Head,2848,282,IMG_5702.JPG,4160,2768
P1,Shoulder,2984,588,IMG_5702.JPG,4160,2768
P5,Eyes,528,765,IMG_5703.JPG,4160,2768
P5,Head,503,779,IMG_5703.JPG,4160,2768
P5,Shoulder,507,906,IMG_5703.JPG,4160,2768
P4,Eyes,1162,681,IMG_5703.JPG,4160,2768
P4,Head,1162,709,IMG_5703.JPG,4160,2768
P4,Shoulder,1158,786,IMG_5703.JPG,4160,2768
P3,Eyes,1631,597,IMG_5703.JPG,4160,2768
P3,Head,1645,625,IMG_5703.JPG,4160,2768
P3,Shoulder,1656,720,IMG_5703.JPG,4160,2768
P2,Eyes,1772,723,IMG_5703.JPG,4160,2768
P2,Head,1796,751,IMG_5703.JPG,4160,2768
P2,Shoulder,1821,863,IMG_5703.JPG,4160,2768
P1,Eyes,2753,436,IMG_5703.JPG,4160,2768
P1,Head,2800,440,IMG_5703.JPG,4160,2768
P1,Shoulder,2871,563,IMG_5703.JPG,4160,2768
P0,Eyes,1364,582,IMG_5705.JPG,4160,2768
P0,Head,1369,656,IMG_5705.JPG,4160,2768
P0,Shoulder,1393,1185,IMG_5705.JPG,4160,2768
P5,Eyes,2772,1234,IMG_5705.JPG,4160,2768
P5,Head,2772,1274,IMG_5705.JPG,4160,2768
P5,Shoulder,2767,1421,IMG_5705.JPG,4160,2768
P4,Eyes,3733,1141,IMG_5705.JPG,4160,2768
P4,Head,3733,1176,IMG_5705.JPG,4160,2768
P4,Shoulder,3723,1288,IMG_5705.JPG,4160,2768
P4,Eyes,858,1038,IMG_5707.JPG,4160,2768
P4,Head,863,1068,IMG_5707.JPG,4160,2768
P4,Shoulder,868,1141,IMG_5707.JPG,4160,2768
P3,Eyes,1486,955,IMG_5707.JPG,4160,2768
P3,Head,1491,994,IMG_5707.JPG,4160,2768
P3,Shoulder,1511,1107,IMG_5707.JPG,4160,2768
P2,Eyes,1638,1033,IMG_5707.JPG,4160,2768
P2,Head,1658,1058,IMG_5707.JPG,4160,2768
P2,Shoulder,1692,1190,IMG_5707.JPG,4160,2768
P1,Eyes,3110,577,IMG_5707.JPG,4160,2768
P1,Head,3120,626,IMG_5707.JPG,4160,2768
P1,Shoulder,3135,960,IMG_5707.JPG,4160,2768
P5,Eyes,54,955,IMG_5708.JPG,4160,2768
P5,Head,39,989,IMG_5708.JPG,4160,2768
P5,Shoulder,29,1131,IMG_5708.JPG,4160,2768
P4,Eyes,1009,851,IMG_5708.JPG,4160,2768
P4,Head,1012,877,IMG_5708.JPG,4160,2768
P4,Shoulder,1025,952,IMG_5708.JPG,4160,2768
P3,Eyes,1627,730,IMG_5708.JPG,4160,2768
P3,Head,1630,756,IMG_5708.JPG,4160,2768
P3,Shoulder,1650,874,IMG_5708.JPG,4160,2768
P2,Eyes,1813,815,IMG_5708.JPG,4160,2768
P2,Head,1820,841,IMG_5708.JPG,4160,2768
P2,Shoulder,1849,969,IMG_5708.JPG,4160,2768
P1,Eyes,3183,319,IMG_5708.JPG,4160,2768
P1,Head,3239,362,IMG_5708.JPG,4160,2768
P1,Shoulder,3324,748,IMG_5708.JPG,4160,2768
P5,Eyes,726,955,IMG_5710.JPG,4160,2768
P5,Head,719,979,IMG_5710.JPG,4160,2768
P5,Shoulder,687,1107,IMG_5710.JPG,4160,2768
P4,Eyes,1764,809,IMG_5710.JPG,4160,2768
P4,Head,1797,844,IMG_5710.JPG,4160,2768
P4,Shoulder,1748,986,IMG_5710.JPG,4160,2768
P3,Eyes,2309,776,IMG_5710.JPG,4160,2768
P3,Head,2320,801,IMG_5710.JPG,4160,2768
P3,Shoulder,2328,907,IMG_5710.JPG,4160,2768
P2,Eyes,2412,847,IMG_5710.JPG,4160,2768
P2,Head,2418,869,IMG_5710.JPG,4160,2768
P2,Shoulder,2445,1008,IMG_5710.JPG,4160,2768
P1,Eyes,3768,347,IMG_5710.JPG,4160,2768
P1,Head,3798,390,IMG_5710.JPG,4160,2768
P1,Shoulder,3863,750,IMG_5710.JPG,4160,2768
P0,Eyes,800,587,IMG_5711.JPG,4160,2768
P0,Head,809,631,IMG_5711.JPG,4160,2768
P0,Shoulder,858,920,IMG_5711.JPG,4160,2768
P5,Eyes,1763,941,IMG_5711.JPG,4160,2768
P5,Head,1761,956,IMG_5711.JPG,4160,2768
P5,Shoulder,1759,1035,IMG_5711.JPG,4160,2768
P4,Eyes,2210,888,IMG_5711.JPG,4160,2768
P4,Head,2221,903,IMG_5711.JPG,4160,2768
P4,Shoulder,2244,950,IMG_5711.JPG,4160,2768
P3,Eyes,2491,835,IMG_5711.JPG,4160,2768
P3,Head,2523,850,IMG_5711.JPG,4160,2768
P3,Shoulder,2549,903,IMG_5711.JPG,4160,2768
P2,Eyes,2600,882,IMG_5711.JPG,4160,2768
P2,Head,2640,879,IMG_5711.JPG,4160,2768
P2,Shoulder,2683,948,IMG_5711.JPG,4160,2768
P1,Eyes,3492,538,IMG_5711.JPG,4160,2768
P1,Head,3504,565,IMG_5711.JPG,4160,2768
P1,Shoulder,3526,774,IMG_5711.JPG,4160,2768
P0,Eyes,1128,646,IMG_5712.JPG,4160,2768
P0,Head,937,606,IMG_5712.JPG,4160,2768
P0,Shoulder,903,945,IMG_5712.JPG,4160,2768
P5,Eyes,1757,946,IMG_5712.JPG,4160,2768
P5,Head,1757,962,IMG_5712.JPG,4160,2768
P5,Shoulder,1761,1032,IMG_5712.JPG,4160,2768
P4,Eyes,2311,905,IMG_5712.JPG,4160,2768
P4,Head,2270,899,IMG_5712.JPG,4160,2768
P4,Shoulder,2237,969,IMG_5712.JPG,4160,2768
P3,Eyes,2535,840,IMG_5712.JPG,4160,2768
P3,Head,2560,850,IMG_5712.JPG,4160,2768
P3,Shoulder,2584,905,IMG_5712.JPG,4160,2768
P2,Eyes,2650,883,IMG_5712.JPG,4160,2768
P2,Head,2703,864,IMG_5712.JPG,4160,2768
P2,Shoulder,2719,954,IMG_5712.JPG,4160,2768
P1,Eyes,3502,529,IMG_5712.JPG,4160,2768
P1,Head,3508,549,IMG_5712.JPG,4160,2768
P1,Shoulder,3539,764,IMG_5712.JPG,4160,2768
P0,Eyes,2016,1126,IMG_5717.JPG,4160,2768
P0,Head,2026,1269,IMG_5717.JPG,4160,2768
P0,Shoulder,1869,2480,IMG_5717.JPG,4160,2768
P1,Eyes,2262,857,IMG_5718.JPG,4160,2768
P1,Head,2286,974,IMG_5718.JPG,4160,2768
P1,Shoulder,2384,1676,IMG_5718.JPG,4160,2768
P4,Eyes,986,572,IMG_5720.JPG,4160,2768
P4,Head,1040,611,IMG_5720.JPG,4160,2768
P4,Shoulder,1089,793,IMG_5720.JPG,4160,2768
P3,Eyes,2154,322,IMG_5720.JPG,4160,2768
P3,Head,2227,366,IMG_5720.JPG,4160,2768
P3,Shoulder,2296,616,IMG_5720.JPG,4160,2768
P2,Eyes,3002,440,IMG_5720.JPG,4160,2768
P2,Head,3022,508,IMG_5720.JPG,4160,2768
P2,Shoulder,3076,798,IMG_5720.JPG,4160,2768
P0,Eyes,1508,1889,IMG_5722.JPG,4160,2768
P0,Head,1498,1887,IMG_5722.JPG,4160,2768
P0,Shoulder,1497,1914,IMG_5722.JPG,4160,2768
P1,Head,1674,1921,IMG_5722.JPG,4160,2768
P1,Shoulder,1659,1959,IMG_5722.JPG,4160,2768
P5,Eyes,2173,1847,IMG_5722.JPG,4160,2768
P5,Head,2164,1852,IMG_5722.JPG,4160,2768
P5,Shoulder,2163,1876,IMG_5722.JPG,4160,2768
P2,Eyes,2175,1891,IMG_5722.JPG,4160,2768
P2,Head,2181,1894,IMG_5722.JPG,4160,2768
P2,Shoulder,2183,1918,IMG_5722.JPG,4160,2768
P4,Eyes,2341,1845,IMG_5722.JPG,4160,2768
P4,Head,2352,1842,IMG_5722.JPG,4160,2768
P3,Eyes,2361,1855,IMG_5722.JPG,4160,2768
P3,Head,2365,1860,IMG_5722.JPG,4160,2768
P3,Shoulder,2371,1885,IMG_5722.JPG,4160,2768
P0,Eyes,390,1929,IMG_5724.JPG,4160,2768
P0,Head,365,1933,IMG_5724.JPG,4160,2768
P0,Shoulder,364,1980,IMG_5724.JPG,4160,2768
P1,Head,632,1952,IMG_5724.JPG,4160,2768
P1,Shoulder,625,1999,IMG_5724.JPG,4160,2768
P5,Eyes,1236,1822,IMG_5724.JPG,4160,2768
P5,Head,1244,1827,IMG_5724.JPG,4160,2768
P5,Shoulder,1244,1854,IMG_5724.JPG,4160,2768
P2,Head,1268,1857,IMG_5724.JPG,4160,2768
P2,Shoulder,1276,1899,IMG_5724.JPG,4160,2768
P4,Eyes,1432,1808,IMG_5724.JPG,4160,2768
P4,Head,1448,1806,IMG_5724.JPG,4160,2768
P4,Shoulder,1451,1839,IMG_5724.JPG,4160,2768
P3,Eyes,1468,1820,IMG_5724.JPG,4160,2768
P3,Head,1485,1820,IMG_5724.JPG,4160,2768
P3,Shoulder,1495,1846,IMG_5724.JPG,4160,2768
P0,Eyes,2400,1903,IMG_5725.JPG,4160,2768
P0,Head,2376,1898,IMG_5725.JPG,4160,2768
P0,Shoulder,2377,1933,IMG_5725.JPG,4160,2768
P1,Head,2548,1943,IMG_5725.JPG,4160,2768
P1,Shoulder,2542,1983,IMG_5725.JPG,4160,2768
P5,Eyes,3090,1894,IMG_5725.JPG,4160,2768
P5,Head,3087,1901,IMG_5725.JPG,4160,2768
P5,Shoulder,3088,1933,IMG_5725.JPG,4160,2768
P2,Eyes,3102,1943,IMG_5725.JPG,4160,2768
P2,Head,3120,1943,IMG_5725.JPG,4160,2768
P2,Shoulder,3123,1981,IMG_5725.JPG,4160,2768
P4,Eyes,3297,1901,IMG_5725.JPG,4160,2768
P4,Head,3314,1903,IMG_5725.JPG,4160,2768
P4,Shoulder,3319,1938,IMG_5725.JPG,4160,2768
P3,Eyes,3346,1914,IMG_5725.JPG,4160,2768
P3,Head,3354,1923,IMG_5725.JPG,4160,2768
P3,Shoulder,3362,1952,IMG_5725.JPG,4160,2768
P0,Eyes,1060,1768,IMG_5727.JPG,4160,2768
P0,Head,1036,1740,IMG_5727.JPG,4160,2768
P0,Shoulder,978,1794,IMG_5727.JPG,4160,2768
P1,Head,1258,1768,IMG_5727.JPG,4160,2768
P1,Shoulder,1256,1847,IMG_5727.JPG,4160,2768
P5,Eyes,2286,1608,IMG_5727.JPG,4160,2768
P5,Head,2286,1617,IMG_5727.JPG,4160,2768
P5,Shoulder,2283,1661,IMG_5727.JPG,4160,2768
P2,Head,2307,1680,IMG_5727.JPG,4160,2768
P2,Shoulder,2325,1755,IMG_5727.JPG,4160,2768
P3,Eyes,2669,1624,IMG_5727.JPG,4160,2768
P3,Shoulder,2718,1678,IMG_5727.JPG,4160,2768
P3,Head,2697,1624,IMG_5727.JPG,4160,2768
P5,Eyes,460,1942,IMG_5730.JPG,4160,2768
P5,Head,460,1953,IMG_5730.JPG,4160,2768
P5,Shoulder,455,2019,IMG_5730.JPG,4160,2768
P2,Eyes,459,2039,IMG_5730.JPG,4160,2768
P2,Head,495,2024,IMG_5730.JPG,4160,2768
P2,Shoulder,505,2090,IMG_5730.JPG,4160,2768
P4,Eyes,837,1918,IMG_5730.JPG,4160,2768
P4,Head,865,1910,IMG_5730.JPG,4160,2768
P3,Eyes,903,1943,IMG_5730.JPG,4160,2768
P3,Head,913,1951,IMG_5730.JPG,4160,2768
P3,Shoulder,932,1992,IMG_5730.JPG,4160,2768
P0,Eyes,3088,1983,IMG_5731.JPG,4160,2768
P0,Head,3052,1965,IMG_5731.JPG,4160,2768
P0,Shoulder,3039,2041,IMG_5731.JPG,4160,2768
P1,Head,3409,2059,IMG_5731.JPG,4160,2768
P1,Shoulder,3387,2139,IMG_5731.JPG,4160,2768
P0,Head,897,1924,IMG_5732.JPG,4160,2768
P0,Shoulder,859,1986,IMG_5732.JPG,4160,2768
P1,Eyes,1215,1993,IMG_5732.JPG,4160,2768
P1,Head,1189,1986,IMG_5732.JPG,4160,2768
P1,Shoulder,1153,2048,IMG_5732.JPG,4160,2768
P5,Eyes,1899,1867,IMG_5732.JPG,4160,2768
P5,Head,1897,1877,IMG_5732.JPG,4160,2768
P5,Shoulder,1890,1906,IMG_5732.JPG,4160,2768
P2,Head,1939,1918,IMG_5732.JPG,4160,2768
P2,Shoulder,1956,1973,IMG_5732.JPG,4160,2768
P4,Eyes,2134,1859,IMG_5732.JPG,4160,2768
P3,Eyes,2158,1869,IMG_5732.JPG,4160,2768
P3,Head,2182,1867,IMG_5732.JPG,4160,2768
P3,Shoulder,2197,1915,IMG_5732.JPG,4160,2768
P0,Eyes,2153,2035,IMG_5733.JPG,4160,2768
P0,Head,2125,2037,IMG_5733.JPG,4160,2768
P0,Shoulder,2126,2091,IMG_5733.JPG,4160,2768
P1,Head,2384,2081,IMG_5733.JPG,4160,2768
P1,Shoulder,2369,2138,IMG_5733.JPG,4160,2768
P5,Eyes,3098,1974,IMG_5733.JPG,4160,2768
P5,Head,3110,1979,IMG_5733.JPG,4160,2768
P5,Shoulder,3113,2025,IMG_5733.JPG,4160,2768
P2,Head,3154,2031,IMG_5733.JPG,4160,2768
P2,Shoulder,3161,2086,IMG_5733.JPG,4160,2768
P4,Eyes,3408,1963,IMG_5733.JPG,4160,2768
P3,Eyes,3429,1982,IMG_5733.JPG,4160,2768
P3,Head,3459,1983,IMG_5733.JPG,4160,2768
P3,Shoulder,3486,2028,IMG_5733.JPG,4160,2768
P0,Eyes,1027,1986,IMG_5734.JPG,4160,2768
P0,Head,1024,1985,IMG_5734.JPG,4160,2768
P0,Shoulder,1014,2036,IMG_5734.JPG,4160,2768
P1,Head,1281,2027,IMG_5734.JPG,4160,2768
P1,Shoulder,1272,2083,IMG_5734.JPG,4160,2768
P5,Eyes,2028,1922,IMG_5734.JPG,4160,2768
P5,Head,2018,1927,IMG_5734.JPG,4160,2768
P5,Shoulder,2013,1958,IMG_5734.JPG,4160,2768
P2,Eyes,2016,1986,IMG_5734.JPG,4160,2768
P2,Head,2036,1981,IMG_5734.JPG,4160,2768
P2,Shoulder,2044,2022,IMG_5734.JPG,4160,2768
P4,Eyes,2265,1912,IMG_5734.JPG,4160,2768
P3,Eyes,2279,1936,IMG_5734.JPG,4160,2768
P3,Head,2301,1932,IMG_5734.JPG,4160,2768
P3,Shoulder,2326,1978,IMG_5734.JPG,4160,2768
P0,Eyes,651,1485,IMG_5737.JPG,4160,2768
P0,Head,604,1480,IMG_5737.JPG,4160,2768
P0,Shoulder,594,1585,IMG_5737.JPG,4160,2768
P1,Eyes,971,1578,IMG_5737.JPG,4160,2768
P1,Head,1022,1575,IMG_5737.JPG,4160,2768
P1,Shoulder,1061,1686,IMG_5737.JPG,4160,2768
P5,Eyes,2426,1370,IMG_5737.JPG,4160,2768
P5,Head,2431,1386,IMG_5737.JPG,4160,2768
P5,Shoulder,2439,1460,IMG_5737.JPG,4160,2768
P2,Eyes,2509,1484,IMG_5737.JPG,4160,2768
P2,Head,2529,1486,IMG_5737.JPG,4160,2768
P2,Shoulder,2537,1559,IMG_5737.JPG,4160,2768
P4,Eyes,2917,1373,IMG_5737.JPG,4160,2768
P4,Head,2950,1362,IMG_5737.JPG,4160,2768
P3,Eyes,2979,1378,IMG_5737.JPG,4160,2768
P3,Head,3022,1380,IMG_5737.JPG,4160,2768
P3,Shoulder,3043,1463,IMG_5737.JPG,4160,2768
P5,Eyes,486,1657,IMG_5739.JPG,4160,2768
P5,Head,495,1674,IMG_5739.JPG,4160,2768
P5,Shoulder,505,1741,IMG_5739.JPG,4160,2768
P2,Eyes,551,1790,IMG_5739.JPG,4160,2768
P2,Head,596,1772,IMG_5739.JPG,4160,2768
P2,Shoulder,612,1870,IMG_5739.JPG,4160,2768
P4,Eyes,1009,1618,IMG_5739.JPG,4160,2768
P3,Eyes,1035,1650,IMG_5739.JPG,4160,2768
P3,Head,1082,1643,IMG_5739.JPG,4160,2768
P3,Shoulder,1105,1716,IMG_5739.JPG,4160,2768
P0,Eyes,2767,1882,IMG_5740.JPG,4160,2768
P0,Head,2723,1872,IMG_5740.JPG,4160,2768
P0,Shoulder,2688,1965,IMG_5740.JPG,4160,2768
P1,Head,3184,1975,IMG_5740.JPG,4160,2768
P1,Shoulder,3159,2078,IMG_5740.JPG,4160,2768
P0,Eyes,687,479,IMG_5742.JPG,4160,2768
P0,Head,726,499,IMG_5742.JPG,4160,2768
P0,Shoulder,755,641,IMG_5742.JPG,4160,2768
P1,Eyes,1830,675,IMG_5742.JPG,4160,2768
P1,Head,1835,719,IMG_5742.JPG,4160,2768
P1,Shoulder,1830,881,IMG_5742.JPG,4160,2768
P5,Eyes,1624,420,IMG_5744.JPG,4160,2768
P5,Head,1624,459,IMG_5744.JPG,4160,2768
P5,Shoulder,1609,592,IMG_5744.JPG,4160,2768
P2,Eyes,1692,749,IMG_5744.JPG,4160,2768
P2,Head,1722,714,IMG_5744.JPG,4160,2768
P2,Shoulder,1746,857,IMG_5744.JPG,4160,2768
P4,Eyes,2335,474,IMG_5744.JPG,4160,2768
P4,Head,2355,499,IMG_5744.JPG,4160,2768
P4,Shoulder,2468,626,IMG_5744.JPG,4160,2768
P3,Eyes,2914,445,IMG_5744.JPG,4160,2768
P3,Head,2924,474,IMG_5744.JPG,4160,2768
P3,Shoulder,2958,592,IMG_5744.JPG,4160,2768
P4,Eyes,530,739,IMG_5745.JPG,4160,2768
P4,Head,530,768,IMG_5745.JPG,4160,2768
P4,Shoulder,549,930,IMG_5745.JPG,4160,2768
P3,Eyes,883,827,IMG_5745.JPG,4160,2768
P3,Head,839,857,IMG_5745.JPG,4160,2768
P3,Shoulder,790,989,IMG_5745.JPG,4160,2768
P0,Eyes,1163,499,IMG_5746.JPG,4160,2768
P0,Head,1163,538,IMG_5746.JPG,4160,2768
P0,Shoulder,1163,680,IMG_5746.JPG,4160,2768
P1,Eyes,2129,695,IMG_5746.JPG,4160,2768
P1,Head,2134,739,IMG_5746.JPG,4160,2768
P1,Shoulder,2149,920,IMG_5746.JPG,4160,2768
P1,Eyes,1906,1397,IMG_5765.JPG,4160,2768
P1,Head,1906,1404,IMG_5765.JPG,4160,2768
P1,Shoulder,1905,1438,IMG_5765.JPG,4160,2768
P0,Eyes,2146,1415,IMG_5765.JPG,4160,2768
P0,Head,2145,1420,IMG_5765.JPG,4160,2768
P0,Shoulder,2148,1445,IMG_5765.JPG,4160,2768
P2,Eyes,2203,1402,IMG_5765.JPG,4160,2768
P2,Head,2204,1409,IMG_5765.JPG,4160,2768
P2,Shoulder,2203,1441,IMG_5765.JPG,4160,2768
P3,Eyes,2370,1351,IMG_5765.JPG,4160,2768
P3,Head,2393,1354,IMG_5765.JPG,4160,2768
P3,Shoulder,2409,1397,IMG_5765.JPG,4160,2768
P4,Eyes,2634,1361,IMG_5765.JPG,4160,2768
P4,Shoulder,2636,1371,IMG_5765.JPG,4160,2768
P4,Head,2633,1420,IMG_5765.JPG,4160,2768
P5,Eyes,2707,1411,IMG_5765.JPG,4160,2768
P5,Head,2707,1417,IMG_5765.JPG,4160,2768
P5,Shoulder,2702,1462,IMG_5765.JPG,4160,2768
P1,Eyes,1497,1185,IMG_5766.JPG,4160,2768
P1,Head,1499,1198,IMG_5766.JPG,4160,2768
P1,Shoulder,1501,1258,IMG_5766.JPG,4160,2768
P0,Eyes,2008,1227,IMG_5766.JPG,4160,2768
P0,Head,2007,1237,IMG_5766.JPG,4160,2768
P0,Shoulder,2008,1282,IMG_5766.JPG,4160,2768
P2,Eyes,2117,1200,IMG_5766.JPG,4160,2768
P2,Head,2118,1213,IMG_5766.JPG,4160,2768
P2,Shoulder,2119,1277,IMG_5766.JPG,4160,2768
P3,Eyes,2534,1097,IMG_5766.JPG,4160,2768
P3,Head,2537,1115,IMG_5766.JPG,4160,2768
P3,Shoulder,2539,1207,IMG_5766.JPG,4160,2768
P4,Eyes,2944,1126,IMG_5766.JPG,4160,2768
P4,Head,2944,1148,IMG_5766.JPG,4160,2768
P4,Shoulder,2944,1246,IMG_5766.JPG,4160,2768
P5,Eyes,3112,1235,IMG_5766.JPG,4160,2768
P5,Head,3112,1249,IMG_5766.JPG,4160,2768
P5,Shoulder,3097,1324,IMG_5766.JPG,4160,2768
P1,Eyes,732,1322,IMG_5767.JPG,4160,2768
P1,Head,732,1334,IMG_5767.JPG,4160,2768
P1,Shoulder,732,1400,IMG_5767.JPG,4160,2768
P0,Eyes,1270,1385,IMG_5767.JPG,4160,2768
P0,Head,1273,1397,IMG_5767.JPG,4160,2768
P0,Shoulder,1265,1437,IMG_5767.JPG,4160,2768
P2,Eyes,1377,1350,IMG_5767.JPG,4160,2768
P2,Head,1379,1362,IMG_5767.JPG,4160,2768
P2,Shoulder,1379,1426,IMG_5767.JPG,4160,2768
P3,Eyes,1850,1256,IMG_5767.JPG,4160,2768
P3,Head,1848,1272,IMG_5767.JPG,4160,2768
P3,Shoulder,1852,1360,IMG_5767.JPG,4160,2768
P4,Eyes,2217,1298,IMG_5767.JPG,4160,2768
P4,Head,2216,1318,IMG_5767.JPG,4160,2768
P4,Shoulder,2208,1415,IMG_5767.JPG,4160,2768
P5,Eyes,2340,1394,IMG_5767.JPG,4160,2768
P5,Head,2338,1406,IMG_5767.JPG,4160,2768
P5,Shoulder,2339,1488,IMG_5767.JPG,4160,2768
P1,Eyes,1678,1377,IMG_5768.JPG,4160,2768
P1,Head,1668,1388,IMG_5768.JPG,4160,2768
P1,Shoulder,1663,1451,IMG_5768.JPG,4160,2768
P0,Eyes,2165,1411,IMG_5768.JPG,4160,2768
P0,Head,2163,1422,IMG_5768.JPG,4160,2768
P0,Shoulder,2162,1469,IMG_5768.JPG,4160,2768
P2,Eyes,2267,1388,IMG_5768.JPG,4160,2768
P2,Head,2267,1400,IMG_5768.JPG,4160,2768
P2,Shoulder,2267,1466,IMG_5768.JPG,4160,2768
P3,Eyes,2726,1284,IMG_5768.JPG,4160,2768
P3,Head,2727,1299,IMG_5768.JPG,4160,2768
P3,Shoulder,2703,1397,IMG_5768.JPG,4160,2768
P4,Eyes,3080,1316,IMG_5768.JPG,4160,2768
P4,Head,3083,1334,IMG_5768.JPG,4160,2768
P4,Shoulder,3083,1431,IMG_5768.JPG,4160,2768
P5,Eyes,3266,1416,IMG_5768.JPG,4160,2768
P5,Head,3269,1427,IMG_5768.JPG,4160,2768
P5,Shoulder,3261,1518,IMG_5768.JPG,4160,2768
P1,Eyes,1802,1380,IMG_5769.JPG,4160,2768
P1,Head,1801,1391,IMG_5769.JPG,4160,2768
P1,Shoulder,1797,1432,IMG_5769.JPG,4160,2768
P0,Eyes,2128,1406,IMG_5769.JPG,4160,2768
P0,Head,2131,1415,IMG_5769.JPG,4160,2768
P0,Shoulder,2143,1443,IMG_5769.JPG,4160,2768
P2,Eyes,2231,1385,IMG_5769.JPG,4160,2768
P2,Head,2231,1395,IMG_5769.JPG,4160,2768
P2,Shoulder,2229,1444,IMG_5769.JPG,4160,2768
P3,Eyes,2531,1314,IMG_5769.JPG,4160,2768
P3,Head,2535,1327,IMG_5769.JPG,4160,2768
P3,Shoulder,2564,1383,IMG_5769.JPG,4160,2768
P4,Eyes,2764,1356,IMG_5769.JPG,4160,2768
P4,Head,2799,1347,IMG_5769.JPG,4160,2768
P4,Shoulder,2842,1432,IMG_5769.JPG,4160,2768
P5,Head,2939,1404,IMG_5769.JPG,4160,2768
P5,Shoulder,2950,1469,IMG_5769.JPG,4160,2768
P1,Eyes,938,1730,IMG_5770.JPG,4160,2768
P1,Head,939,1740,IMG_5770.JPG,4160,2768
P1,Shoulder,934,1789,IMG_5770.JPG,4160,2768
P0,Eyes,1340,1759,IMG_5770.JPG,4160,2768
P0,Head,1342,1769,IMG_5770.JPG,4160,2768
P0,Shoulder,1340,1801,IMG_5770.JPG,4160,2768
P2,Eyes,1417,1750,IMG_5770.JPG,4160,2768
P2,Head,1416,1764,IMG_5770.JPG,4160,2768
P2,Shoulder,1415,1809,IMG_5770.JPG,4160,2768
P3,Eyes,1792,1686,IMG_5770.JPG,4160,2768
P3,Head,1773,1694,IMG_5770.JPG,4160,2768
P3,Shoulder,1753,1761,IMG_5770.JPG,4160,2768
P4,Eyes,2005,1714,IMG_5770.JPG,4160,2768
P4,Head,2006,1726,IMG_5770.JPG,4160,2768
P4,Shoulder,2010,1795,IMG_5770.JPG,4160,2768
P5,Eyes,2144,1791,IMG_5770.JPG,4160,2768
P5,Head,2122,1793,IMG_5770.JPG,4160,2768
P5,Shoulder,2115,1862,IMG_5770.JPG,4160,2768
P1,Eyes,1959,1765,IMG_5771.JPG,4160,2768
P1,Head,1961,1772,IMG_5771.JPG,4160,2768
P1,Shoulder,1962,1805,IMG_5771.JPG,4160,2768
P0,Eyes,2337,1776,IMG_5771.JPG,4160,2768
P0,Head,2341,1784,IMG_5771.JPG,4160,2768
P0,Shoulder,2346,1816,IMG_5771.JPG,4160,2768
P2,Eyes,2436,1757,IMG_5771.JPG,4160,2768
P2,Head,2436,1766,IMG_5771.JPG,4160,2768
P2,Shoulder,2436,1809,IMG_5771.JPG,4160,2768
P3,Eyes,2809,1675,IMG_5771.JPG,4160,2768
P3,Head,2796,1689,IMG_5771.JPG,4160,2768
P3,Shoulder,2781,1753,IMG_5771.JPG,4160,2768
P4,Eyes,3067,1695,IMG_5771.JPG,4160,2768
P4,Head,3068,1707,IMG_5771.JPG,4160,2768
P4,Shoulder,3067,1777,IMG_5771.JPG,4160,2768
P5,Eyes,3173,1772,IMG_5771.JPG,4160,2768
P5,Head,3170,1779,IMG_5771.JPG,4160,2768
P5,Shoulder,3171,1840,IMG_5771.JPG,4160,2768
P1,Eyes,672,1203,IMG_5772.JPG,4160,2768
P1,Head,672,1214,IMG_5772.JPG,4160,2768
P1,Shoulder,676,1287,IMG_5772.JPG,4160,2768
P0,Eyes,1431,1238,IMG_5772.JPG,4160,2768
P0,Head,1427,1251,IMG_5772.JPG,4160,2768
P0,Shoulder,1423,1311,IMG_5772.JPG,4160,2768
P2,Eyes,1577,1209,IMG_5772.JPG,4160,2768
P2,Head,1580,1223,IMG_5772.JPG,4160,2768
P2,Shoulder,1575,1317,IMG_5772.JPG,4160,2768
P3,Eyes,2265,1049,IMG_5772.JPG,4160,2768
P3,Head,2219,1076,IMG_5772.JPG,4160,2768
P3,Shoulder,2199,1217,IMG_5772.JPG,4160,2768
P4,Eyes,2752,1097,IMG_5772.JPG,4160,2768
P4,Head,2755,1122,IMG_5772.JPG,4160,2768
P4,Shoulder,2746,1264,IMG_5772.JPG,4160,2768
P5,Eyes,2928,1264,IMG_5772.JPG,4160,2768
P5,Head,2927,1277,IMG_5772.JPG,4160,2768
P5,Shoulder,2918,1380,IMG_5772.JPG,4160,2768
P0,Eyes,14,1136,IMG_5774.JPG,4160,2768
P0,Head,15,1152,IMG_5774.JPG,4160,2768
P0,Shoulder,20,1217,IMG_5774.JPG,4160,2768
P2,Eyes,201,1112,IMG_5774.JPG,4160,2768
P2,Head,204,1129,IMG_5774.JPG,4160,2768
P2,Shoulder,200,1230,IMG_5774.JPG,4160,2768
P3,Eyes,808,980,IMG_5774.JPG,4160,2768
P3,Head,808,1008,IMG_5774.JPG,4160,2768
P3,Shoulder,831,1121,IMG_5774.JPG,4160,2768
P4,Eyes,1399,1025,IMG_5774.JPG,4160,2768
P4,Head,1396,1050,IMG_5774.JPG,4160,2768
P4,Shoulder,1391,1188,IMG_5774.JPG,4160,2768
P5,Eyes,1605,1181,IMG_5774.JPG,4160,2768
P5,Head,1587,1193,IMG_5774.JPG,4160,2768
P5,Shoulder,1581,1300,IMG_5774.JPG,4160,2768
P1,Eyes,2155,1227,IMG_5775.JPG,4160,2768
P1,Head,2156,1241,IMG_5775.JPG,4160,2768
P1,Shoulder,2151,1304,IMG_5775.JPG,4160,2768
P0,Eyes,2814,1271,IMG_5775.JPG,4160,2768
P0,Head,2816,1281,IMG_5775.JPG,4160,2768
P0,Shoulder,2821,1343,IMG_5775.JPG,4160,2768
P2,Eyes,2976,1232,IMG_5775.JPG,4160,2768
P2,Head,2976,1246,IMG_5775.JPG,4160,2768
P2,Shoulder,2968,1336,IMG_5775.JPG,4160,2768
P3,Eyes,3460,1109,IMG_5775.JPG,4160,2768
P3,Head,3543,1116,IMG_5775.JPG,4160,2768
P3,Shoulder,3590,1240,IMG_5775.JPG,4160,2768
P1,Eyes,3295,1480,IMG_5776.JPG,4160,2768
P1,Head,3302,1503,IMG_5776.JPG,4160,2768
P1,Shoulder,3321,1579,IMG_5776.JPG,4160,2768
P0,Head,4071,1494,IMG_5776.JPG,4160,2768
P0,Shoulder,4043,1586,IMG_5776.JPG,4160,2768
P0,Eyes,292,736,IMG_5778.JPG,4160,2768
P0,Head,292,758,IMG_5778.JPG,4160,2768
P0,Shoulder,292,913,IMG_5778.JPG,4160,2768
P2,Eyes,707,662,IMG_5778.JPG,4160,2768
P2,Head,712,711,IMG_5778.JPG,4160,2768
P2,Shoulder,701,917,IMG_5778.JPG,4160,2768
P3,Eyes,1955,369,IMG_5778.JPG,4160,2768
P3,Head,1950,429,IMG_5778.JPG,4160,2768
P3,Shoulder,1993,662,IMG_5778.JPG,4160,2768
P4,Eyes,3247,434,IMG_5778.JPG,4160,2768
P4,Head,3247,494,IMG_5778.JPG,4160,2768
P4,Shoulder,3231,787,IMG_5778.JPG,4160,2768
P5,Eyes,3578,765,IMG_5778.JPG,4160,2768
P5,Head,3594,798,IMG_5778.JPG,4160,2768
P5,Shoulder,3594,1010,IMG_5778.JPG,4160,2768
P1,Eyes,430,597,IMG_5780.JPG,4160,2768
P1,Head,425,635,IMG_5780.JPG,4160,2768
P1,Shoulder,419,814,IMG_5780.JPG,4160,2768
P0,Eyes,1798,662,IMG_5780.JPG,4160,2768
P0,Head,1803,695,IMG_5780.JPG,4160,2768
P0,Shoulder,1809,841,IMG_5780.JPG,4160,2768
P2,Eyes,2194,597,IMG_5780.JPG,4160,2768
P2,Head,2194,646,IMG_5780.JPG,4160,2768
P2,Shoulder,2199,847,IMG_5780.JPG,4160,2768
P3,Eyes,3578,288,IMG_5780.JPG,4160,2768
P3,Head,3573,353,IMG_5780.JPG,4160,2768
P3,Shoulder,3551,608,IMG_5780.JPG,4160,2768
P1,Eyes,397,586,IMG_5781.JPG,4160,2768
P1,Head,397,635,IMG_5781.JPG,4160,2768
P1,Shoulder,403,803,IMG_5781.JPG,4160,2768
P0,Eyes,1809,678,IMG_5781.JPG,4160,2768
P0,Head,1819,706,IMG_5781.JPG,4160,2768
P0,Shoulder,1830,852,IMG_5781.JPG,4160,2768
P2,Eyes,2216,586,IMG_5781.JPG,4160,2768
P2,Head,2210,630,IMG_5781.JPG,4160,2768
P2,Shoulder,2210,841,IMG_5781.JPG,4160,2768
P3,Eyes,3627,288,IMG_5781.JPG,4160,2768
P3,Head,3594,347,IMG_5781.JPG,4160,2768
P3,Shoulder,3524,597,IMG_5781.JPG,4160,2768
P1,Eyes,712,581,IMG_5782.JPG,4160,2768
P1,Head,625,602,IMG_5782.JPG,4160,2768
P1,Shoulder,620,820,IMG_5782.JPG,4160,2768
P0,Eyes,1781,673,IMG_5782.JPG,4160,2768
P0,Head,1798,695,IMG_5782.JPG,4160,2768
P0,Shoulder,1809,852,IMG_5782.JPG,4160,2768
P2,Eyes,2199,581,IMG_5782.JPG,4160,2768
P2,Head,2199,635,IMG_5782.JPG,4160,2768
P2,Shoulder,2210,809,IMG_5782.JPG,4160,2768
P3,Eyes,3589,244,IMG_5782.JPG,4160,2768
P3,Head,3594,304,IMG_5782.JPG,4160,2768
P3,Shoulder,3562,592,IMG_5782.JPG,4160,2768
P2,Head,1615,1383,IMG_6248.jpg,4160,2768
P2,Shoulder,1610,1459,IMG_6248.jpg,4160,2768
P4,Eyes,1781,1390,IMG_6248.jpg,4160,2768
P4,Head,1782,1399,IMG_6248.jpg,4160,2768
P4,Shoulder,1784,1443,IMG_6248.jpg,4160,2768
P3,Eyes,1977,1380,IMG_6248.jpg,4160,2768
P3,Head,2016,1370,IMG_6248.jpg,4160,2768
P3,Shoulder,2023,1431,IMG_6248.jpg,4160,2768
P0,Eyes,2076,1405,IMG_6248.jpg,4160,2768
P0,Head,2091,1409,IMG_6248.jpg,4160,2768
P0,Shoulder,2104,1448,IMG_6248.jpg,4160,2768
P6,Head,2407,1309,IMG_6248.jpg,4160,2768
P6,Shoulder,2406,1413,IMG_6248.jpg,4160,2768
P1,Eyes,2492,1390,IMG_6248.jpg,4160,2768
P1,Head,2506,1392,IMG_6248.jpg,4160,2768
P1,Shoulder,2513,1438,IMG_6248.jpg,4160,2768
P2,Head,1168,1367,IMG_6250.jpg,4160,2768
P2,Shoulder,1152,1531,IMG_6250.jpg,4160,2768
P4,Eyes,1524,1398,IMG_6250.jpg,4160,2768
P4,Head,1518,1412,IMG_6250.jpg,4160,2768
P4,Shoulder,1525,1496,IMG_6250.jpg,4160,2768
P3,Eyes,1916,1374,IMG_6250.jpg,4160,2768
P3,Head,1998,1349,IMG_6250.jpg,4160,2768
P3,Shoulder,2000,1475,IMG_6250.jpg,4160,2768
P0,Eyes,2153,1457,IMG_6250.jpg,4160,2768
P0,Head,2156,1444,IMG_6250.jpg,4160,2768
P0,Shoulder,2162,1506,IMG_6250.jpg,4160,2768
P6,Head,2762,1285,IMG_6250.jpg,4160,2768
P6,Shoulder,2713,1457,IMG_6250.jpg,4160,2768
P1,Eyes,2995,1427,IMG_6250.jpg,4160,2768
P1,Head,2993,1420,IMG_6250.jpg,4160,2768
P1,Shoulder,2998,1483,IMG_6250.jpg,4160,2768
P2,Head,1169,1369,IMG_6251.jpg,4160,2768
P2,Shoulder,1152,1529,IMG_6251.jpg,4160,2768
P4,Eyes,1521,1400,IMG_6251.jpg,4160,2768
P4,Head,1521,1420,IMG_6251.jpg,4160,2768
P4,Shoulder,1523,1500,IMG_6251.jpg,4160,2768
P3,Eyes,1884,1372,IMG_6251.jpg,4160,2768
P3,Head,1962,1347,IMG_6251.jpg,4160,2768
P3,Shoulder,1996,1467,IMG_6251.jpg,4160,2768
P0,Eyes,2152,1460,IMG_6251.jpg,4160,2768
P0,Head,2154,1448,IMG_6251.jpg,4160,2768
P0,Shoulder,2159,1504,IMG_6251.jpg,4160,2768
P6,Head,2768,1288,IMG_6251.jpg,4160,2768
P6,Shoulder,2744,1446,IMG_6251.jpg,4160,2768
P1,Eyes,2993,1421,IMG_6251.jpg,4160,2768
P1,Head,2993,1431,IMG_6251.jpg,4160,2768
P1,Shoulder,3000,1487,IMG_6251.jpg,4160,2768
P2,Head,1172,1381,IMG_6252.jpg,4160,2768
P2,Shoulder,1151,1512,IMG_6252.jpg,4160,2768
P4,Eyes,1516,1402,IMG_6252.jpg,4160,2768
P4,Head,1519,1417,IMG_6252.jpg,4160,2768
P4,Shoulder,1523,1493,IMG_6252.jpg,4160,2768
P3,Eyes,1895,1366,IMG_6252.jpg,4160,2768
P3,Head,1972,1352,IMG_6252.jpg,4160,2768
P3,Shoulder,1993,1461,IMG_6252.jpg,4160,2768
P0,Eyes,2152,1463,IMG_6252.jpg,4160,2768
P0,Head,2151,1450,IMG_6252.jpg,4160,2768
P0,Shoulder,2161,1499,IMG_6252.jpg,4160,2768
P6,Head,2714,1249,IMG_6252.jpg,4160,2768
P6,Shoulder,2741,1427,IMG_6252.jpg,4160,2768
P1,Eyes,2995,1420,IMG_6252.jpg,4160,2768
P1,Head,2995,1432,IMG_6252.jpg,4160,2768
P1,Shoulder,3009,1478,IMG_6252.jpg,4160,2768
P2,Head,1453,1360,IMG_6253.jpg,4160,2768
P2,Shoulder,1443,1475,IMG_6253.jpg,4160,2768
P4,Eyes,1692,1388,IMG_6253.jpg,4160,2768
P4,Head,1694,1402,IMG_6253.jpg,4160,2768
P4,Shoulder,1698,1466,IMG_6253.jpg,4160,2768
P3,Eyes,1985,1357,IMG_6253.jpg,4160,2768
P3,Head,2040,1335,IMG_6253.jpg,4160,2768
P3,Shoulder,2050,1438,IMG_6253.jpg,4160,2768
P0,Eyes,2164,1436,IMG_6253.jpg,4160,2768
P0,Head,2164,1422,IMG_6253.jpg,4160,2768
P0,Shoulder,2168,1461,IMG_6253.jpg,4160,2768
P6,Head,2660,1263,IMG_6253.jpg,4160,2768
P6,Shoulder,2654,1405,IMG_6253.jpg,4160,2768
P1,Eyes,2776,1408,IMG_6253.jpg,4160,2768
P1,Head,2775,1414,IMG_6253.jpg,4160,2768
P1,Shoulder,2782,1450,IMG_6253.jpg,4160,2768
P2,Head,861,1375,IMG_6257.jpg,4160,2768
P2,Shoulder,849,1583,IMG_6257.jpg,4160,2768
P4,Eyes,1353,1402,IMG_6257.jpg,4160,2768
P4,Head,1353,1426,IMG_6257.jpg,4160,2768
P4,Shoulder,1356,1562,IMG_6257.jpg,4160,2768
P3,Head,2010,1336,IMG_6257.jpg,4160,2768
P3,Shoulder,2025,1499,IMG_6257.jpg,4160,2768
P0,Eyes,2251,1447,IMG_6257.jpg,4160,2768
P0,Head,2251,1465,IMG_6257.jpg,4160,2768
P0,Shoulder,2260,1565,IMG_6257.jpg,4160,2768
P6,Head,3058,1142,IMG_6257.jpg,4160,2768
P6,Shoulder,3079,1431,IMG_6257.jpg,4160,2768
P1,Eyes,3434,1425,IMG_6257.jpg,4160,2768
P1,Head,3437,1440,IMG_6257.jpg,4160,2768
P1,Shoulder,3450,1521,IMG_6257.jpg,4160,2768
P2,Head,861,1401,IMG_6258.jpg,4160,2768
P2,Shoulder,851,1608,IMG_6258.jpg,4160,2768
P4,Eyes,1355,1417,IMG_6258.jpg,4160,2768
P4,Head,1355,1443,IMG_6258.jpg,4160,2768
P4,Shoulder,1363,1554,IMG_6258.jpg,4160,2768
P3,Head,2017,1316,IMG_6258.jpg,4160,2768
P3,Shoulder,2027,1492,IMG_6258.jpg,4160,2768
P0,Eyes,2258,1486,IMG_6258.jpg,4160,2768
P0,Head,2255,1463,IMG_6258.jpg,4160,2768
P0,Shoulder,2258,1553,IMG_6258.jpg,4160,2768
P6,Head,2872,1379,IMG_6258.jpg,4160,2768
P6,Shoulder,3054,1500,IMG_6258.jpg,4160,2768
P1,Eyes,3444,1462,IMG_6258.jpg,4160,2768
P1,Head,3447,1478,IMG_6258.jpg,4160,2768
P1,Shoulder,3453,1525,IMG_6258.jpg,4160,2768
P4,Eyes,595,1453,IMG_6259.jpg,4160,2768
P4,Head,592,1493,IMG_6259.jpg,4160,2768
P4,Shoulder,562,1719,IMG_6259.jpg,4160,2768
P3,Head,1774,1158,IMG_6259.jpg,4160,2768
P3,Shoulder,1816,1502,IMG_6259.jpg,4160,2768
P0,Eyes,2455,1576,IMG_6259.jpg,4160,2768
P0,Head,2452,1546,IMG_6259.jpg,4160,2768
P0,Shoulder,2485,1727,IMG_6259.jpg,4160,2768
P6,Head,4053,1201,IMG_6259.jpg,4160,2768
P6,Shoulder,4050,1605,IMG_6259.jpg,4160,2768
P4,Eyes,544,1471,IMG_6260.jpg,4160,2768
P4,Head,544,1514,IMG_6260.jpg,4160,2768
P4,Shoulder,566,1731,IMG_6260.jpg,4160,2768
P3,Head,1966,1189,IMG_6260.jpg,4160,2768
P3,Shoulder,1950,1623,IMG_6260.jpg,4160,2768
P0,Eyes,2449,1579,IMG_6260.jpg,4160,2768
P0,Head,2449,1558,IMG_6260.jpg,4160,2768
P0,Shoulder,2454,1704,IMG_6260.jpg,4160,2768
P6,Head,4083,1232,IMG_6260.jpg,4160,2768
P6,Shoulder,4061,1612,IMG_6260.jpg,4160,2768
P4,Eyes,696,1351,IMG_6262.jpg,4160,2768
P4,Head,555,1389,IMG_6262.jpg,4160,2768
P4,Shoulder,511,1661,IMG_6262.jpg,4160,2768
P3,Head,1977,1254,IMG_6262.jpg,4160,2768
P3,Shoulder,1977,1612,IMG_6262.jpg,4160,2768
P0,Eyes,2422,1579,IMG_6262.jpg,4160,2768
P0,Head,2422,1558,IMG_6262.jpg,4160,2768
P0,Shoulder,2444,1699,IMG_6262.jpg,4160,2768
P6,Head,3920,1053,IMG_6262.jpg,4160,2768
P6,Shoulder,3947,1498,IMG_6262.jpg,4160,2768
P3,Head,256,1227,IMG_6263.jpg,4160,2768
P3,Shoulder,300,1563,IMG_6263.jpg,4160,2768
P0,Eyes,799,1541,IMG_6263.jpg,4160,2768
P0,Head,788,1514,IMG_6263.jpg,4160,2768
P0,Shoulder,805,1661,IMG_6263.jpg,4160,2768
P6,Head,2362,950,IMG_6263.jpg,4160,2768
P6,Shoulder,2406,1427,IMG_6263.jpg,4160,2768
P1,Eyes,3301,1411,IMG_6263.jpg,4160,2768
P1,Head,3301,1444,IMG_6263.jpg,4160,2768
P1,Shoulder,3323,1590,IMG_6263.jpg,4160,2768
P0,Eyes,1850,1480,IMG_6266.jpg,4160,2768
P0,Head,1824,1477,IMG_6266.jpg,4160,2768
P0,Shoulder,1807,1532,IMG_6266.jpg,4160,2768
P1,Eyes,1992,1468,IMG_6266.jpg,4160,2768
P1,Head,1994,1479,IMG_6266.jpg,4160,2768
P1,Shoulder,1991,1508,IMG_6266.jpg,4160,2768
P4,Eyes,2407,1438,IMG_6266.jpg,4160,2768
P4,Head,2374,1441,IMG_6266.jpg,4160,2768
P4,Shoulder,2346,1509,IMG_6266.jpg,4160,2768
P3,Eyes,2910,1450,IMG_6266.jpg,4160,2768
P3,Head,2934,1456,IMG_6266.jpg,4160,2768
P3,Shoulder,2949,1514,IMG_6266.jpg,4160,2768
P2,Eyes,2988,1477,IMG_6266.jpg,4160,2768
P2,Head,3029,1463,IMG_6266.jpg,4160,2768
P2,Shoulder,3044,1556,IMG_6266.jpg,4160,2768
P6,Eyes,3477,1465,IMG_6266.jpg,4160,2768
P6,Head,3500,1451,IMG_6266.jpg,4160,2768
P6,Shoulder,3537,1496,IMG_6266.jpg,4160,2768
P0,Eyes,980,1518,IMG_6272.jpg,4160,2768
P0,Head,943,1521,IMG_6272.jpg,4160,2768
P0,Shoulder,933,1600,IMG_6272.jpg,4160,2768
P1,Eyes,1246,1502,IMG_6272.jpg,4160,2768
P1,Head,1249,1514,IMG_6272.jpg,4160,2768
P1,Shoulder,1244,1570,IMG_6272.jpg,4160,2768
P4,Eyes,1948,1496,IMG_6272.jpg,4160,2768
P4,Head,1892,1487,IMG_6272.jpg,4160,2768
P4,Shoulder,1832,1575,IMG_6272.jpg,4160,2768
P3,Eyes,2581,1467,IMG_6272.jpg,4160,2768
P3,Head,2607,1477,IMG_6272.jpg,4160,2768
P3,Shoulder,2627,1561,IMG_6272.jpg,4160,2768
P2,Eyes,2660,1500,IMG_6272.jpg,4160,2768
P2,Head,2712,1500,IMG_6272.jpg,4160,2768
P2,Shoulder,2726,1619,IMG_6272.jpg,4160,2768
P6,Eyes,3472,1487,IMG_6272.jpg,4160,2768
P6,Head,3502,1482,IMG_6272.jpg,4160,2768
P6,Shoulder,3519,1557,IMG_6272.jpg,4160,2768
P0,Eyes,656,1140,IMG_6275.jpg,4160,2768
P0,Head,581,1115,IMG_6275.jpg,4160,2768
P0,Shoulder,548,1226,IMG_6275.jpg,4160,2768
P1,Eyes,1166,1082,IMG_6275.jpg,4160,2768
P1,Head,1099,1082,IMG_6275.jpg,4160,2768
P1,Shoulder,1091,1188,IMG_6275.jpg,4160,2768
P4,Eyes,2408,1025,IMG_6275.jpg,4160,2768
P4,Head,2301,1012,IMG_6275.jpg,4160,2768
P4,Shoulder,2218,1192,IMG_6275.jpg,4160,2768
P2,Eyes,3523,1042,IMG_6275.jpg,4160,2768
P2,Head,3629,999,IMG_6275.jpg,4160,2768
P2,Shoulder,3727,1193,IMG_6275.jpg,4160,2768
P3,Shoulder,3834,1132,IMG_6275.jpg,4160,2768
P3,Head,3750,963,IMG_6275.jpg,4160,2768
P4,Eyes,789,1045,IMG_6278.jpg,4160,2768
P4,Head,658,1045,IMG_6278.jpg,4160,2768
P4,Shoulder,580,1216,IMG_6278.jpg,4160,2768
P3,Eyes,2127,1034,IMG_6278.jpg,4160,2768
P3,Head,2150,1057,IMG_6278.jpg,4160,2768
P3,Shoulder,2239,1177,IMG_6278.jpg,4160,2768
P2,Eyes,2402,1010,IMG_6278.jpg,4160,2768
P2,Head,2507,979,IMG_6278.jpg,4160,2768
P2,Shoulder,2534,1196,IMG_6278.jpg,4160,2768
P6,Eyes,3433,1053,IMG_6278.jpg,4160,2768
P6,Head,3495,1034,IMG_6278.jpg,4160,2768
P6,Shoulder,3557,1154,IMG_6278.jpg,4160,2768
P3,Eyes,2634,483,IMG_6281.jpg,4160,2768
P3,Head,2655,537,IMG_6281.jpg,4160,2768
P3,Shoulder,2807,820,IMG_6281.jpg,4160,2768
P2,Eyes,3209,472,IMG_6281.jpg,4160,2768
P2,Head,3225,521,IMG_6281.jpg,4160,2768
P2,Shoulder,3296,944,IMG_6281.jpg,4160,2768
P0,Eyes,322,630,IMG_6282.jpg,4160,2768
P0,Head,164,619,IMG_6282.jpg,4160,2768
P0,Shoulder,83,917,IMG_6282.jpg,4160,2768
P1,Eyes,1597,537,IMG_6282.jpg,4160,2768
P1,Head,1516,559,IMG_6282.jpg,4160,2768
P1,Shoulder,1510,814,IMG_6282.jpg,4160,2768
P4,Eyes,3464,429,IMG_6282.jpg,4160,2768
P4,Head,3459,488,IMG_6282.jpg,4160,2768
P4,Shoulder,3431,868,IMG_6282.jpg,4160,2768
P0,Eyes,370,467,IMG_6284.jpg,4160,2768
P0,Head,267,532,IMG_6284.jpg,4160,2768
P0,Shoulder,338,879,IMG_6284.jpg,4160,2768
P1,Eyes,1706,472,IMG_6284.jpg,4160,2768
P1,Head,1711,516,IMG_6284.jpg,4160,2768
P1,Shoulder,1711,760,IMG_6284.jpg,4160,2768
P4,Eyes,4045,418,IMG_6284.jpg,4160,2768
P4,Head,3811,391,IMG_6284.jpg,4160,2768
P4,Shoulder,3611,771,IMG_6284.jpg,4160,2768
P1,Torso,1285,1499,IMG_6306.jpg,4160,2768
P0,Torso,2085,1494,IMG_6306.jpg,4160,2768
P6,Torso,2394,1450,IMG_6306.jpg,4160,2768
P3,Torso,2492,1475,IMG_6306.jpg,4160,2768
P4,Torso,2757,1480,IMG_6306.jpg,4160,2768
P2,Torso,2844,1492,IMG_6306.jpg,4160,2768
P1,Torso,530,1617,IMG_6308.jpg,4160,2768
P0,Torso,2080,1651,IMG_6308.jpg,4160,2768
P6,Torso,2688,1553,IMG_6308.jpg,4160,2768
P3,Torso,2904,1578,IMG_6308.jpg,4160,2768
P4,Torso,3351,1558,IMG_6308.jpg,4160,2768
P2,Torso,3552,1617,IMG_6308.jpg,4160,2768
P1,Torso,535,1607,IMG_6309.jpg,4160,2768
P0,Torso,2095,1646,IMG_6309.jpg,4160,2768
P0,Torso,2688,1578,IMG_6309.jpg,4160,2768
P3,Torso,2904,1563,IMG_6309.jpg,4160,2768
P4,Torso,3409,1607,IMG_6309.jpg,4160,2768
P2,Torso,3566,1656,IMG_6309.jpg,4160,2768
P0,Torso,594,1838,IMG_6311.jpg,4160,2768
P6,Torso,1903,1617,IMG_6311.jpg,4160,2768
P3,Torso,2306,1573,IMG_6311.jpg,4160,2768
P4,Torso,3552,1661,IMG_6311.jpg,4160,2768
P2,Torso,3787,1754,IMG_6311.jpg,4160,2768
P0,Torso,589,1823,IMG_6313.jpg,4160,2768
P6,Torso,1913,1632,IMG_6313.jpg,4160,2768
P3,Torso,2365,1612,IMG_6313.jpg,4160,2768
P4,Torso,3409,1622,IMG_6313.jpg,4160,2768
P2,Torso,3768,1794,IMG_6313.jpg,4160,2768
P0,Torso,603,1906,IMG_6314.jpg,4160,2768
P6,Torso,1923,1622,IMG_6314.jpg,4160,2768
P3,Torso,2355,1632,IMG_6314.jpg,4160,2768
P4,Torso,3414,1666,IMG_6314.jpg,4160,2768
P2,Torso,3738,1833,IMG_6314.jpg,4160,2768
P4,Torso,1732,2455,IMG_8828.JPG,4080,2720
P2,Torso,2425,2719,IMG_8828.JPG,4080,2720
P4,Torso,1160,2714,IMG_8830.JPG,4080,2720
P2,Torso,2843,2719,IMG_8830.JPG,4080,2720
P0,Torso,967,1589,IMG_8834.JPG,4080,2720
P1,Torso,2863,1998,IMG_8834.JPG,4080,2720
P2,Torso,746,1993,IMG_8837.JPG,4080,2720
P5,Torso,828,1199,IMG_8837.JPG,4080,2720
P3,Torso,3252,1362,IMG_8837.JPG,4080,2720
P4,Torso,2791,1204,IMG_8837.JPG,4080,2720
P0,Torso,818,1430,IMG_8842.JPG,4080,2720
P1,Torso,2945,1993,IMG_8842.JPG,4080,2720
P2,Torso,2006,2657,IMG_8844.JPG,4080,2720
P5,Torso,1833,1641,IMG_8844.JPG,4080,2720
P3,Torso,2762,1877,IMG_8845.JPG,4080,2720
P3,Torso,2324,2546,IMG_8847.JPG,4080,2720
P4,Torso,1886,2190,IMG_8847.JPG,4080,2720
P1,Torso,2848,2686,IMG_8848.JPG,4080,2720
P0,Torso,173,1743,IMG_8848.JPG,4080,2720
P4,Torso,3224,2695,IMG_8850.JPG,4080,2720
P2,Torso,755,2710,IMG_8850.JPG,4080,2720
P2,Torso,1030,2609,IMG_8852.JPG,4080,2720
P4,Torso,3661,2339,IMG_8852.JPG,4080,2720
P0,Torso,447,2329,IMG_8852.JPG,4080,2720
P3,Torso,3695,2209,IMG_8853.JPG,4080,2720
P2,Torso,1054,2498,IMG_8853.JPG,4080,2720
P0,Torso,423,2262,IMG_8853.JPG,4080,2720
P2,Torso,2098,2710,IMG_8854.JPG,4080,2720
P0,Torso,1237,2652,IMG_8854.JPG,4080,2720
P2,Torso,2136,2714,IMG_8856.JPG,4080,2720
P0,Torso,1333,2686,IMG_8856.JPG,4080,2720
P2,Torso,2112,2695,IMG_8858.JPG,4080,2720
P0,Torso,1174,2676,IMG_8858.JPG,4080,2720
P0,Torso,1545,1421,IMG_5696.JPG,4160,2768
P1,Torso,3233,1269,IMG_5696.JPG,4160,2768
P5,Torso,2021,1210,IMG_5696.JPG,4160,2768
P2,Torso,2625,1185,IMG_5696.JPG,4160,2768
P4,Torso,2311,1166,IMG_5696.JPG,4160,2768
P3,Torso,2589,1128,IMG_5696.JPG,4160,2768
P0,Torso,1516,1426,IMG_5697.JPG,4160,2768
P1,Torso,3233,1249,IMG_5697.JPG,4160,2768
P5,Torso,2021,1215,IMG_5697.JPG,4160,2768
P2,Torso,2610,1185,IMG_5697.JPG,4160,2768
P4,Torso,2306,1156,IMG_5697.JPG,4160,2768
P3,Torso,2571,1126,IMG_5697.JPG,4160,2768
P0,Torso,1550,1416,IMG_5698.JPG,4160,2768
P1,Torso,3228,1244,IMG_5698.JPG,4160,2768
P5,Torso,2016,1215,IMG_5698.JPG,4160,2768
P2,Torso,2610,1205,IMG_5698.JPG,4160,2768
P4,Torso,2296,1166,IMG_5698.JPG,4160,2768
P3,Torso,2571,1112,IMG_5698.JPG,4160,2768
P0,Torso,986,1391,IMG_5699.JPG,4160,2768
P1,Torso,4150,1141,IMG_5699.JPG,4160,2768
P5,Torso,1987,1023,IMG_5699.JPG,4160,2768
P2,Torso,3248,989,IMG_5699.JPG,4160,2768
P4,Torso,2590,916,IMG_5699.JPG,4160,2768
P3,Torso,3154,812,IMG_5699.JPG,4160,2768
P1,Torso,2811,1190,IMG_5700.JPG,4160,2768
P5,Torso,589,1176,IMG_5700.JPG,4160,2768
P2,Torso,1874,1122,IMG_5700.JPG,4160,2768
P4,Torso,1241,1019,IMG_5700.JPG,4160,2768
P3,Torso,1746,965,IMG_5700.JPG,4160,2768
P1,Torso,2826,1176,IMG_5701.JPG,4160,2768
P5,Torso,603,1171,IMG_5701.JPG,4160,2768
P2,Torso,1957,1097,IMG_5701.JPG,4160,2768
P4,Torso,1226,1038,IMG_5701.JPG,4160,2768
P3,Torso,1791,969,IMG_5701.JPG,4160,2768
P1,Torso,2968,1131,IMG_5702.JPG,4160,2768
P5,Torso,554,1156,IMG_5702.JPG,4160,2768
P2,Torso,1903,1087,IMG_5702.JPG,4160,2768
P4,Torso,1133,1048,IMG_5702.JPG,4160,2768
P3,Torso,1668,930,IMG_5702.JPG,4160,2768
P1,Torso,2840,1126,IMG_5703.JPG,4160,2768
P5,Torso,540,1161,IMG_5703.JPG,4160,2768
P2,Torso,1800,1171,IMG_5703.JPG,4160,2768
P4,Torso,1172,1004,IMG_5703.JPG,4160,2768
P3,Torso,1648,920,IMG_5703.JPG,4160,2768
P0,Torso,1393,2343,IMG_5705.JPG,4160,2768
P5,Torso,2782,1705,IMG_5705.JPG,4160,2768
P4,Torso,3733,1534,IMG_5705.JPG,4160,2768
P1,Torso,3130,1715,IMG_5707.JPG,4160,2768
P2,Torso,1658,1578,IMG_5707.JPG,4160,2768
P4,Torso,863,1460,IMG_5707.JPG,4160,2768
P3,Torso,1482,1362,IMG_5707.JPG,4160,2768
P1,Torso,3252,1440,IMG_5708.JPG,4160,2768
P5,Torso,39,1460,IMG_5708.JPG,4160,2768
P2,Torso,1845,1382,IMG_5708.JPG,4160,2768
P4,Torso,1020,1283,IMG_5708.JPG,4160,2768
P3,Torso,1619,1171,IMG_5708.JPG,4160,2768
P1,Torso,3846,1519,IMG_5710.JPG,4160,2768
P5,Torso,711,1431,IMG_5710.JPG,4160,2768
P2,Torso,2409,1386,IMG_5710.JPG,4160,2768
P4,Torso,1653,1274,IMG_5710.JPG,4160,2768
P3,Torso,2306,1205,IMG_5710.JPG,4160,2768
P0,Torso,932,1607,IMG_5711.JPG,4160,2768
P1,Torso,3493,1215,IMG_5711.JPG,4160,2768
P5,Torso,1766,1210,IMG_5711.JPG,4160,2768
P2,Torso,2674,1156,IMG_5711.JPG,4160,2768
P4,Torso,2232,1107,IMG_5711.JPG,4160,2768
P3,Torso,2526,1048,IMG_5711.JPG,4160,2768
P0,Torso,962,1578,IMG_5712.JPG,4160,2768
P1,Torso,3488,1229,IMG_5712.JPG,4160,2768
P5,Torso,1766,1215,IMG_5712.JPG,4160,2768
P2,Torso,2698,1156,IMG_5712.JPG,4160,2768
P4,Torso,2252,1156,IMG_5712.JPG,4160,2768
P3,Torso,2556,1072,IMG_5712.JPG,4160,2768
P0,Torso,1977,2760,IMG_5717.JPG,4160,2768
P1,Torso,2418,2716,IMG_5718.JPG,4160,2768
P2,Torso,2963,1573,IMG_5720.JPG,4160,2768
P4,Torso,1045,1450,IMG_5720.JPG,4160,2768
P3,Torso,2271,1234,IMG_5720.JPG,4160,2768
P0,Torso,1501,1980,IMG_5722.JPG,4160,2768
P1,Torso,1668,2024,IMG_5722.JPG,4160,2768
P5,Torso,2162,1926,IMG_5722.JPG,4160,2768
P2,Torso,2188,1990,IMG_5722.JPG,4160,2768
P3,Torso,2379,1951,IMG_5722.JPG,4160,2768
P0,Torso,373,2054,IMG_5724.JPG,4160,2768
P1,Torso,623,2093,IMG_5724.JPG,4160,2768
P5,Torso,1243,1911,IMG_5724.JPG,4160,2768
P2,Torso,1271,1970,IMG_5724.JPG,4160,2768
P3,Torso,1486,1911,IMG_5724.JPG,4160,2768
P0,Torso,2374,2005,IMG_5725.JPG,4160,2768
P1,Torso,2546,2054,IMG_5725.JPG,4160,2768
P5,Torso,3090,1992,IMG_5725.JPG,4160,2768
P2,Torso,3125,2063,IMG_5725.JPG,4160,2768
P3,Torso,3365,2029,IMG_5725.JPG,4160,2768
P0,Torso,962,1892,IMG_5727.JPG,4160,2768
P1,Torso,1261,1975,IMG_5727.JPG,4160,2768
P5,Torso,2284,1754,IMG_5727.JPG,4160,2768
P2,Torso,2311,1872,IMG_5727.JPG,4160,2768
P3,Torso,2703,1784,IMG_5727.JPG,4160,2768
P5,Torso,459,2121,IMG_5730.JPG,4160,2768
P2,Torso,515,2235,IMG_5730.JPG,4160,2768
P3,Torso,922,2127,IMG_5730.JPG,4160,2768
P0,Torso,3046,2157,IMG_5731.JPG,4160,2768
P1,Torso,3395,2274,IMG_5731.JPG,4160,2768
P0,Torso,868,2068,IMG_5732.JPG,4160,2768
P1,Torso,1158,2142,IMG_5732.JPG,4160,2768
P2,Torso,1938,2063,IMG_5732.JPG,4160,2768
P3,Torso,2198,2000,IMG_5732.JPG,4160,2768
P0,Torso,2139,2166,IMG_5733.JPG,4160,2768
P1,Torso,2374,2245,IMG_5733.JPG,4160,2768
P2,Torso,3169,2176,IMG_5733.JPG,4160,2768
P3,Torso,3493,2147,IMG_5733.JPG,4160,2768
P0,Torso,1011,2127,IMG_5734.JPG,4160,2768
P1,Torso,1275,2191,IMG_5734.JPG,4160,2768
P5,Torso,2011,2032,IMG_5734.JPG,4160,2768
P2,Torso,2031,2112,IMG_5734.JPG,4160,2768
P3,Torso,2315,2068,IMG_5734.JPG,4160,2768
P0,Torso,603,1735,IMG_5737.JPG,4160,2768
P1,Torso,1065,1838,IMG_5737.JPG,4160,2768
P5,Torso,2418,1597,IMG_5737.JPG,4160,2768
P2,Torso,2522,1745,IMG_5737.JPG,4160,2768
P3,Torso,3027,1632,IMG_5737.JPG,4160,2768
P5,Torso,500,1887,IMG_5739.JPG,4160,2768
P2,Torso,594,2029,IMG_5739.JPG,4160,2768
P3,Torso,1104,1887,IMG_5739.JPG,4160,2768
P0,Torso,2688,2103,IMG_5740.JPG,4160,2768
P1,Torso,3154,2245,IMG_5740.JPG,4160,2768
P0,Torso,770,999,IMG_5742.JPG,4160,2768
P1,Torso,1830,1259,IMG_5742.JPG,4160,2768
P5,Torso,1609,852,IMG_5744.JPG,4160,2768
P2,Torso,1732,1210,IMG_5744.JPG,4160,2768
P4,Torso,2615,852,IMG_5744.JPG,4160,2768
P3,Torso,2948,920,IMG_5744.JPG,4160,2768
P4,Torso,569,1244,IMG_5745.JPG,4160,2768
P3,Torso,775,1332,IMG_5745.JPG,4160,2768
P0,Torso,1168,1028,IMG_5746.JPG,4160,2768
P1,Torso,2144,1323,IMG_5746.JPG,4160,2768
P0,Torso,2146,1500,IMG_5765.JPG,4160,2768
P1,Torso,1898,1499,IMG_5765.JPG,4160,2768
P5,Torso,2708,1539,IMG_5765.JPG,4160,2768
P2,Torso,2212,1539,IMG_5765.JPG,4160,2768
P4,Torso,2625,1524,IMG_5765.JPG,4160,2768
P3,Torso,2409,1509,IMG_5765.JPG,4160,2768
P0,Torso,2002,1401,IMG_5766.JPG,4160,2768
P1,Torso,1506,1377,IMG_5766.JPG,4160,2768
P5,Torso,3115,1499,IMG_5766.JPG,4160,2768
P2,Torso,2139,1460,IMG_5766.JPG,4160,2768
P4,Torso,2948,1465,IMG_5766.JPG,4160,2768
P3,Torso,2541,1426,IMG_5766.JPG,4160,2768
P0,Torso,1256,1553,IMG_5767.JPG,4160,2768
P1,Torso,726,1529,IMG_5767.JPG,4160,2768
P5,Torso,2355,1637,IMG_5767.JPG,4160,2768
P2,Torso,1393,1627,IMG_5767.JPG,4160,2768
P4,Torso,2222,1632,IMG_5767.JPG,4160,2768
P3,Torso,1845,1568,IMG_5767.JPG,4160,2768
P0,Torso,2144,1588,IMG_5768.JPG,4160,2768
P1,Torso,1678,1573,IMG_5768.JPG,4160,2768
P5,Torso,3282,1661,IMG_5768.JPG,4160,2768
P2,Torso,2276,1656,IMG_5768.JPG,4160,2768
P4,Torso,3105,1646,IMG_5768.JPG,4160,2768
P3,Torso,2708,1617,IMG_5768.JPG,4160,2768
P0,Torso,2149,1519,IMG_5769.JPG,4160,2768
P1,Torso,1800,1529,IMG_5769.JPG,4160,2768
P5,Torso,2973,1592,IMG_5769.JPG,4160,2768
P2,Torso,2237,1588,IMG_5769.JPG,4160,2768
P4,Torso,2855,1568,IMG_5769.JPG,4160,2768
P3,Torso,2571,1548,IMG_5769.JPG,4160,2768
P0,Torso,1339,1897,IMG_5770.JPG,4160,2768
P1,Torso,942,1882,IMG_5770.JPG,4160,2768
P5,Torso,2129,1990,IMG_5770.JPG,4160,2768
P2,Torso,1413,1965,IMG_5770.JPG,4160,2768
P4,Torso,2021,1931,IMG_5770.JPG,4160,2768
P3,Torso,1746,1931,IMG_5770.JPG,4160,2768
P0,Torso,2350,1892,IMG_5771.JPG,4160,2768
P1,Torso,1962,1882,IMG_5771.JPG,4160,2768
P5,Torso,3194,1970,IMG_5771.JPG,4160,2768
P2,Torso,2448,1970,IMG_5771.JPG,4160,2768
P4,Torso,3081,1931,IMG_5771.JPG,4160,2768
P3,Torso,2786,1906,IMG_5771.JPG,4160,2768
P0,Torso,1413,1499,IMG_5772.JPG,4160,2768
P1,Torso,687,1455,IMG_5772.JPG,4160,2768
P5,Torso,2948,1592,IMG_5772.JPG,4160,2768
P2,Torso,1594,1607,IMG_5772.JPG,4160,2768
P4,Torso,2772,1578,IMG_5772.JPG,4160,2768
P3,Torso,2198,1519,IMG_5772.JPG,4160,2768
P0,Torso,20,1377,IMG_5774.JPG,4160,2768
P5,Torso,1609,1519,IMG_5774.JPG,4160,2768
P2,Torso,216,1524,IMG_5774.JPG,4160,2768
P4,Torso,1413,1499,IMG_5774.JPG,4160,2768
P3,Torso,834,1436,IMG_5774.JPG,4160,2768
P0,Torso,2811,1519,IMG_5775.JPG,4160,2768
P1,Torso,2144,1460,IMG_5775.JPG,4160,2768
P2,Torso,2983,1627,IMG_5775.JPG,4160,2768
P4,Torso,4145,1617,IMG_5775.JPG,4160,2768
P3,Torso,3552,1539,IMG_5775.JPG,4160,2768
P0,Torso,4042,1749,IMG_5776.JPG,4160,2768
P1,Torso,3321,1749,IMG_5776.JPG,4160,2768
P0,Torso,299,1249,IMG_5778.JPG,4160,2768
P5,Torso,3635,1499,IMG_5778.JPG,4160,2768
P2,Torso,731,1499,IMG_5778.JPG,4160,2768
P4,Torso,3297,1431,IMG_5778.JPG,4160,2768
P3,Torso,2002,1264,IMG_5778.JPG,4160,2768
P0,Torso,1815,1185,IMG_5780.JPG,4160,2768
P1,Torso,427,1156,IMG_5780.JPG,4160,2768
P2,Torso,2227,1440,IMG_5780.JPG,4160,2768
P3,Torso,3591,1200,IMG_5780.JPG,4160,2768
P0,Torso,1805,1185,IMG_5781.JPG,4160,2768
P1,Torso,412,1136,IMG_5781.JPG,4160,2768
P2,Torso,2252,1440,IMG_5781.JPG,4160,2768
P3,Torso,3571,1244,IMG_5781.JPG,4160,2768
P0,Torso,1810,1180,IMG_5782.JPG,4160,2768
P1,Torso,706,1166,IMG_5782.JPG,4160,2768
P2,Torso,2237,1440,IMG_5782.JPG,4160,2768
P3,Torso,3591,1205,IMG_5782.JPG,4160,2768
P0,Torso,2114,1519,IMG_6248.jpg,4160,2768
P1,Torso,2526,1509,IMG_6248.jpg,4160,2768
P2,Torso,1614,1568,IMG_6248.jpg,4160,2768
P4,Torso,1786,1534,IMG_6248.jpg,4160,2768
P3,Torso,2021,1543,IMG_6248.jpg,4160,2768
P6,Torso,2399,1607,IMG_6248.jpg,4160,2768
P0,Torso,2173,1637,IMG_6250.jpg,4160,2768
P1,Torso,3007,1637,IMG_6250.jpg,4160,2768
P2,Torso,1168,1725,IMG_6250.jpg,4160,2768
P4,Torso,1521,1656,IMG_6250.jpg,4160,2768
P3,Torso,2002,1686,IMG_6250.jpg,4160,2768
P6,Torso,2728,1872,IMG_6250.jpg,4160,2768
P0,Torso,2173,1632,IMG_6251.jpg,4160,2768
P1,Torso,3012,1617,IMG_6251.jpg,4160,2768
P2,Torso,1168,1735,IMG_6251.jpg,4160,2768
P4,Torso,1516,1676,IMG_6251.jpg,4160,2768
P3,Torso,2002,1676,IMG_6251.jpg,4160,2768
P6,Torso,2737,1848,IMG_6251.jpg,4160,2768
P0,Torso,2168,1632,IMG_6252.jpg,4160,2768
P1,Torso,3007,1637,IMG_6252.jpg,4160,2768
P2,Torso,1182,1740,IMG_6252.jpg,4160,2768
P4,Torso,1511,1686,IMG_6252.jpg,4160,2768
P3,Torso,1997,1691,IMG_6252.jpg,4160,2768
P6,Torso,2752,1838,IMG_6252.jpg,4160,2768
P0,Torso,2183,1558,IMG_6253.jpg,4160,2768
P1,Torso,2796,1548,IMG_6253.jpg,4160,2768
P2,Torso,1457,1642,IMG_6253.jpg,4160,2768
P4,Torso,1697,1592,IMG_6253.jpg,4160,2768
P3,Torso,2051,1617,IMG_6253.jpg,4160,2768
P6,Torso,2639,1705,IMG_6253.jpg,4160,2768
P0,Torso,2266,1754,IMG_6257.jpg,4160,2768
P1,Torso,3468,1759,IMG_6257.jpg,4160,2768
P2,Torso,868,1902,IMG_6257.jpg,4160,2768
P4,Torso,1349,1818,IMG_6257.jpg,4160,2768
P3,Torso,2041,1838,IMG_6257.jpg,4160,2768
P6,Torso,3125,2029,IMG_6257.jpg,4160,2768
P0,Torso,2257,1745,IMG_6258.jpg,4160,2768
P1,Torso,3468,1769,IMG_6258.jpg,4160,2768
P2,Torso,849,1941,IMG_6258.jpg,4160,2768
P4,Torso,1349,1823,IMG_6258.jpg,4160,2768
P3,Torso,2051,1877,IMG_6258.jpg,4160,2768
P6,Torso,3081,1990,IMG_6258.jpg,4160,2768
P0,Torso,2492,2112,IMG_6259.jpg,4160,2768
P4,Torso,491,2279,IMG_6259.jpg,4160,2768
P3,Torso,1928,2289,IMG_6259.jpg,4160,2768
P6,Torso,4121,2667,IMG_6259.jpg,4160,2768
P0,Torso,2492,2127,IMG_6260.jpg,4160,2768
P4,Torso,505,2284,IMG_6260.jpg,4160,2768
P3,Torso,1962,2451,IMG_6260.jpg,4160,2768
P6,Torso,4111,2657,IMG_6260.jpg,4160,2768
P0,Torso,2502,2093,IMG_6262.jpg,4160,2768
P4,Torso,505,2269,IMG_6262.jpg,4160,2768
P3,Torso,1982,2461,IMG_6262.jpg,4160,2768
P6,Torso,4116,2632,IMG_6262.jpg,4160,2768
P0,Torso,829,2103,IMG_6263.jpg,4160,2768
P1,Torso,3365,2049,IMG_6263.jpg,4160,2768
P3,Torso,270,2422,IMG_6263.jpg,4160,2768
P6,Torso,2531,2657,IMG_6263.jpg,4160,2768
P0,Torso,1805,1617,IMG_6266.jpg,4160,2768
P1,Torso,1992,1578,IMG_6266.jpg,4160,2768
P2,Torso,3022,1676,IMG_6266.jpg,4160,2768
P4,Torso,2335,1627,IMG_6266.jpg,4160,2768
P3,Torso,2958,1597,IMG_6266.jpg,4160,2768
P6,Torso,3581,1617,IMG_6266.jpg,4160,2768
P0,Torso,922,1754,IMG_6272.jpg,4160,2768
P1,Torso,1256,1676,IMG_6272.jpg,4160,2768
P2,Torso,2698,1784,IMG_6272.jpg,4160,2768
P4,Torso,1766,1735,IMG_6272.jpg,4160,2768
P3,Torso,2605,1681,IMG_6272.jpg,4160,2768
P6,Torso,3473,1686,IMG_6272.jpg,4160,2768
P0,Torso,564,1465,IMG_6275.jpg,4160,2768
P1,Torso,1138,1426,IMG_6275.jpg,4160,2768
P2,Torso,3861,1519,IMG_6275.jpg,4160,2768
P4,Torso,2070,1519,IMG_6275.jpg,4160,2768
P2,Torso,2472,1514,IMG_6278.jpg,4160,2768
P4,Torso,510,1597,IMG_6278.jpg,4160,2768
P3,Torso,2212,1431,IMG_6278.jpg,4160,2768
P6,Torso,3665,1386,IMG_6278.jpg,4160,2768
P2,Torso,3179,1558,IMG_6281.jpg,4160,2768
P3,Torso,2698,1391,IMG_6281.jpg,4160,2768
P0,Torso,147,1372,IMG_6282.jpg,4160,2768
P1,Torso,1560,1313,IMG_6282.jpg,4160,2768
P4,Torso,3517,1440,IMG_6282.jpg,4160,2768
P0,Torso,481,1401,IMG_6284.jpg,4160,2768
P1,Torso,1678,1279,IMG_6284.jpg,4160,2768
P4,Torso,3547,1524,IMG_6284.jpg,4160,2768
P0,Torso,1550,1426,IMG_6285.jpg,4160,2768
P1,Torso,1354,1421,IMG_6285.jpg,4160,2768
P2,Torso,2590,1431,IMG_6285.jpg,4160,2768
P4,Torso,2266,1396,IMG_6285.jpg,4160,2768
P3,Torso,2379,1396,IMG_6285.jpg,4160,2768
P6,Torso,2512,1382,IMG_6285.jpg,4160,2768
P0,Torso,1207,1651,IMG_6286.jpg,4160,2768
P1,Torso,849,1617,IMG_6286.jpg,4160,2768
P2,Torso,3385,1622,IMG_6286.jpg,4160,2768
P4,Torso,2654,1583,IMG_6286.jpg,4160,2768
P3,Torso,2894,1578,IMG_6286.jpg,4160,2768
P6,Torso,3194,1568,IMG_6286.jpg,4160,2768
P0,Torso,1462,1568,IMG_6289.jpg,4160,2768
P1,Torso,1192,1558,IMG_6289.jpg,4160,2768
P2,Torso,3046,1553,IMG_6289.jpg,4160,2768
P4,Torso,2517,1524,IMG_6289.jpg,4160,2768
P3,Torso,2703,1509,IMG_6289.jpg,4160,2768
P6,Torso,2904,1509,IMG_6289.jpg,4160,2768
P0,Torso,883,1759,IMG_6292.jpg,4160,2768
P1,Torso,392,1730,IMG_6292.jpg,4160,2768
P2,Torso,3925,1710,IMG_6292.jpg,4160,2768
P4,Torso,2924,1671,IMG_6292.jpg,4160,2768
P3,Torso,3287,1661,IMG_6292.jpg,4160,2768
P6,Torso,3709,1642,IMG_6292.jpg,4160,2768
P2,Torso,3458,1681,IMG_6295.jpg,4160,2768
P4,Torso,1413,1642,IMG_6295.jpg,4160,2768
P3,Torso,2154,1563,IMG_6295.jpg,4160,2768
P6,Torso,3238,1529,IMG_6295.jpg,4160,2768
P2,Torso,3458,1696,IMG_6296.jpg,4160,2768
P4,Torso,1472,1710,IMG_6296.jpg,4160,2768
P3,Torso,2119,1588,IMG_6296.jpg,4160,2768
P6,Torso,3238,1539,IMG_6296.jpg,4160,2768
P0,Torso,1864,1573,IMG_6297.jpg,4160,2768
P1,Torso,863,1578,IMG_6297.jpg,4160,2768
P0,Torso,1903,1588,IMG_6298.jpg,4160,2768
P1,Torso,873,1524,IMG_6298.jpg,4160,2768
P0,Torso,2119,1509,IMG_6302.jpg,4160,2768
P1,Torso,1585,1529,IMG_6302.jpg,4160,2768
P2,Torso,2635,1478,IMG_6302.jpg,4160,2768
P4,Torso,2571,1465,IMG_6302.jpg,4160,2768
P3,Torso,2409,1470,IMG_6302.jpg,4160,2768
P6,Torso,2349,1465,IMG_6302.jpg,4160,2768
